temperature,humidity,wind_speed,solar_radiation,solar_energy,wind_energy
19.99,77.48,6.95,0.0,0.256,20.114
23.04,90.58,4.76,22.8,2.037,5.194
33.11,61.25,8.86,592.45,53.052,34.592
28.63,65.3,9.41,386.95,34.921,46.732
31.05,45.4,8.38,813.64,71.772,30.25
19.02,66.57,2.56,20.71,3.958,0.0
14.56,68.11,5.88,18.17,0.0,9.913
28.27,63.84,7.76,475.84,42.014,26.239
21.55,58.57,3.65,6.85,2.362,3.394
17.77,71.11,5.11,0.0,0.0,5.865
33.09,50.54,3.81,791.8,68.347,1.122
16.09,87.43,2.05,12.24,0.277,0.0
25.7,75.81,5.81,108.03,9.512,8.171
22.66,72.44,4.37,0.0,0.0,1.331
24.01,61.91,4.97,221.74,18.774,6.093
20.97,95.37,1.83,24.96,3.335,0.0
25.64,83.46,4.06,277.65,27.963,0.458
25.88,74.04,6.73,0.0,0.0,16.011
23.26,54.14,9.23,5.26,2.423,43.231
31.64,56.0,7.53,720.9,62.138,17.141
32.93,54.67,6.82,697.23,59.853,18.29
23.6,77.91,3.86,249.88,24.46,3.773
17.55,,2.32,6.33,1.485,0.0
24.59,76.88,4.36,7.97,0.549,3.879
24.81,60.87,2.91,26.38,3.941,0.0
28.19,51.17,6.92,625.44,53.967,13.933
30.52,64.57,11.0,564.22,49.738,77.081
24.34,87.25,8.21,0.0,1.93,31.454
33.7,66.53,5.22,526.92,48.442,8.246
28.59,61.83,4.24,598.18,55.383,2.201
24.17,71.49,6.0,364.18,36.109,13.013
19.79,63.76,3.53,6.3,0.0,0.0
22.05,72.07,10.93,0.0,0.0,72.807
36.16,61.13,12.02,797.72,66.898,94.639
17.87,84.82,6.53,11.42,2.403,13.351
19.39,77.26,6.82,0.0,1.599,18.64
19.68,74.75,9.16,3.06,0.0,43.531
22.38,53.88,6.03,10.49,0.0,11.425
23.23,58.26,2.95,0.0,0.0,0.0
23.98,73.17,8.24,380.33,34.398,31.11
25.73,63.79,4.11,0.0,0.0,6.257
19.87,89.62,5.62,0.0,0.0,9.041
32.88,73.71,7.05,195.78,18.098,19.019
23.19,72.74,1.59,353.7,33.035,1.407
25.77,83.83,8.66,0.0,0.0,33.025
24.27,91.13,12.98,0.0,0.0,96.617
28.72,59.05,3.12,568.61,50.196,0.0
20.24,79.33,7.27,0.0,0.0,16.344
22.06,83.87,10.09,132.93,14.184,58.893
20.28,53.81,2.6,7.89,0.792,0.0
20.45,95.78,1.25,0.0,6.334,1.359
23.67,80.57,2.86,0.0,0.0,0.0
21.1,78.79,9.29,248.2,24.585,48.687
36.44,76.36,9.33,410.84,35.476,42.447
29.46,70.42,12.31,540.11,47.673,99.065
22.21,69.8,4.33,16.54,4.754,2.761
28.35,64.89,5.35,516.39,48.793,6.972
22.59,71.51,5.06,0.0,0.0,8.988
24.39,55.02,3.7,222.84,19.436,0.0
27.41,53.26,10.72,420.85,38.861,68.012
21.57,71.77,8.51,18.51,0.79,34.918
26.98,73.71,7.5,179.98,13.98,23.127
28.2,54.18,5.44,390.48,36.533,7.616
22.58,80.27,4.72,0.0,0.0,4.294
28.84,61.42,3.06,537.81,48.89,1.779
25.24,60.47,5.12,150.99,16.028,6.419
21.64,50.72,14.6,0.0,1.745,99.681
30.78,51.34,3.55,445.91,40.512,1.776
22.04,80.38,2.41,0.0,3.022,1.3
30.43,65.44,1.82,623.32,55.834,2.267
23.37,64.36,4.31,22.92,3.947,2.4
19.82,88.98,13.89,6.92,0.0,100.569
29.52,65.72,3.04,369.22,36.949,0.0
20.94,71.36,1.34,0.0,0.0,0.0
23.35,79.73,7.98,204.8,22.627,26.832
31.36,71.32,3.0,308.63,30.926,0.0
27.46,73.11,7.2,214.27,20.633,20.265
26.91,78.32,4.25,13.4,2.099,2.249
28.45,75.83,3.24,517.06,46.056,0.642
29.43,57.96,7.21,392.07,34.502,21.484
17.38,74.09,3.31,21.69,3.359,3.508
33.83,70.46,4.29,813.98,69.942,3.442
16.99,76.91,9.98,0.0,0.0,58.668
17.92,83.52,8.86,8.25,0.652,38.613
28.32,64.51,1.02,301.73,29.854,0.0
25.37,70.06,1.2,365.9,37.02,0.0
20.9,74.16,2.97,3.93,1.839,0.0
23.06,64.8,10.7,150.52,11.567,70.038
24.0,78.36,7.82,0.0,0.0,25.293
17.52,85.22,3.78,0.0,0.0,3.938
28.13,76.34,4.91,290.31,29.65,8.788
19.2,89.4,7.34,0.0,0.0,19.601
23.06,85.41,7.19,0.0,2.117,23.929
29.05,75.93,2.4,219.16,19.135,0.0
16.63,78.3,5.36,7.4,1.806,11.13
26.95,70.08,4.78,26.92,0.718,4.574
21.83,57.66,6.58,0.0,0.0,14.378
27.65,64.74,4.41,345.41,29.833,3.302
26.52,45.22,5.35,596.82,57.702,5.524
24.43,68.92,10.26,0.0,0.0,62.924
27.84,93.62,5.13,0.0,0.0,4.676
23.6,62.83,8.17,10.8,0.0,28.429
18.78,85.05,7.62,0.0,0.0,21.345
20.26,77.26,1.49,10.67,0.137,0.0
17.03,72.95,8.12,8.75,2.176,28.267
25.64,78.76,7.83,19.04,1.366,24.133
23.61,62.01,7.08,13.35,3.649,18.382
24.63,67.21,10.31,383.79,35.099,58.579
28.9,47.77,9.4,829.02,74.959,48.299
24.8,83.16,8.18,135.42,10.968,29.273
25.59,69.46,8.41,31.65,0.065,32.911
19.53,62.93,2.11,0.0,0.0,1.724
33.19,68.42,12.73,429.33,36.164,98.112
29.79,64.99,5.31,498.84,42.542,8.702
28.4,70.43,13.36,685.9,61.328,95.059
28.76,62.62,15.06,510.6,45.781,93.297
28.61,69.07,1.42,14.99,1.724,0.676
17.14,71.19,1.78,0.0,1.055,2.125
20.72,73.28,7.01,0.0,0.0,18.544
25.77,75.12,7.36,0.0,1.14,21.151
31.79,64.07,9.18,772.39,64.261,41.899
24.8,75.08,9.59,352.15,31.655,44.895
31.93,63.55,6.97,512.27,41.994,17.576
33.91,71.6,3.89,644.61,57.04,3.22
24.23,77.75,1.53,15.93,0.0,0.0
30.08,46.19,3.09,823.72,69.795,2.382
20.46,68.72,8.2,8.55,0.0,32.538
24.34,51.26,10.4,8.07,0.543,61.555
26.0,76.05,5.56,463.63,42.022,9.111
30.57,64.46,3.82,190.08,19.42,1.697
36.09,46.77,1.27,665.21,57.736,0.0
28.38,64.09,4.76,322.32,31.892,4.153
24.68,48.55,8.57,13.41,2.09,32.253
36.08,53.59,1.33,939.49,76.442,0.268
26.98,69.36,6.69,0.0,0.0,16.729
27.96,62.92,2.42,121.45,14.629,0.0
23.22,72.08,4.86,318.42,32.516,3.227
22.83,61.56,3.92,0.0,1.648,2.365
26.89,59.46,2.95,204.24,21.372,4.887
28.81,55.04,4.24,611.1,55.959,0.0
28.13,66.99,5.7,13.33,1.956,9.368
28.2,61.47,1.86,0.0,0.099,0.0
17.57,82.26,3.08,0.0,3.398,0.0
29.62,63.95,3.45,668.41,58.16,0.572
18.44,97.85,1.25,24.21,2.843,0.0
20.86,73.48,3.59,15.81,0.0,2.323
20.38,67.8,3.89,0.0,0.0,1.36
24.02,75.92,4.12,20.27,5.602,0.0
17.9,83.02,0.29,20.24,3.239,2.559
15.41,64.17,5.86,0.0,0.0,12.504
19.18,64.91,6.22,0.0,0.157,11.177
18.52,92.66,6.45,0.0,0.0,14.143
20.62,55.14,3.98,16.84,0.833,4.514
26.4,56.45,5.89,258.66,21.674,12.124
27.81,68.32,5.57,732.06,63.867,10.921
25.4,57.05,2.6,557.45,52.578,0.749
20.93,68.07,4.24,0.0,0.907,4.373
29.12,56.81,5.27,919.17,82.363,9.509
27.67,82.8,4.59,306.72,28.805,3.25
20.96,83.11,5.01,17.29,0.0,6.583
22.14,87.22,4.96,19.47,5.792,1.152
23.54,63.07,4.32,209.99,18.531,0.0
28.72,50.89,7.79,611.24,55.569,26.018
25.87,88.29,6.51,340.9,31.522,15.374
31.82,55.05,1.69,483.43,44.169,0.0
20.77,81.24,4.47,0.0,0.096,2.389
29.1,39.7,5.14,209.14,20.178,5.409
19.79,53.9,11.8,15.57,0.0,93.827
28.05,64.01,5.73,468.56,47.986,4.448
19.86,75.39,5.15,0.0,1.303,7.264
16.38,81.65,8.91,0.0,0.104,39.852
21.11,70.28,5.54,5.46,4.225,8.75
26.36,61.8,8.92,0.0,0.0,38.407
19.83,87.57,6.31,44.42,6.075,10.212
25.41,69.69,5.01,274.03,24.719,3.401
28.6,39.17,12.57,951.88,83.751,98.541
18.48,79.33,6.88,85.49,9.26,16.023
20.18,73.77,6.79,0.0,0.0,18.141
22.63,58.5,1.69,5.39,0.0,0.0
29.75,63.61,1.92,602.63,56.898,0.0
19.57,83.73,13.67,4.84,0.0,97.556
18.03,60.78,4.76,0.0,4.003,4.144
28.85,63.06,2.38,608.79,57.091,0.0
29.31,65.23,2.9,417.31,37.695,2.888
28.39,60.06,1.95,907.36,77.732,3.855
30.41,59.68,10.24,838.4,75.73,58.83
21.97,72.77,4.84,0.89,4.294,4.142
24.56,79.62,2.4,251.97,23.131,0.0
24.45,67.31,3.56,0.0,3.076,0.0
20.61,58.94,4.35,193.9,21.047,6.09
30.39,56.16,7.24,433.78,42.071,16.707
31.35,59.04,6.56,695.78,61.258,13.313
29.75,76.19,9.2,474.25,41.212,42.3
29.07,58.0,2.35,240.64,20.537,0.0
20.42,89.32,8.37,5.5,0.0,29.76
20.59,79.01,5.56,19.26,5.716,5.655
30.4,70.47,3.89,282.04,26.013,0.451
29.15,60.43,3.29,0.0,0.0,0.996
25.8,61.98,1.34,427.18,41.686,2.056
19.93,78.17,4.83,0.0,0.0,3.636
28.59,72.62,3.33,225.49,19.749,0.0
20.07,71.27,4.76,0.0,4.136,4.421
30.81,59.33,1.19,295.12,24.69,0.0
28.24,89.89,6.41,277.86,25.912,14.117
26.39,75.05,3.18,263.22,23.452,1.197
23.59,72.05,2.86,13.44,0.0,0.0
23.97,59.84,4.84,0.0,0.0,6.22
20.1,54.94,12.4,0.0,0.119,98.516
20.59,60.28,2.07,21.56,0.405,0.518
21.66,63.11,5.51,1.52,1.334,10.439
25.38,67.22,3.36,1.55,0.057,0.0
26.41,68.93,0.83,105.92,9.532,0.0
23.09,83.6,4.75,1.51,0.0,4.445
30.75,67.6,4.21,465.48,44.791,0.0
26.98,64.22,4.52,248.2,24.892,3.261
21.84,84.34,16.07,40.92,2.614,99.373
23.8,67.51,3.7,7.26,0.0,2.143
25.37,58.97,2.51,0.0,0.0,0.158
26.46,70.21,5.3,645.77,60.04,6.445
20.31,60.71,1.67,0.0,1.818,0.0
19.82,51.87,10.63,23.32,4.445,67.002
31.87,76.08,9.41,323.26,29.072,45.221
30.42,68.96,4.95,209.47,21.115,2.174
14.71,68.77,5.86,9.83,3.053,13.169
30.47,67.97,4.37,254.07,23.398,1.669
23.36,76.45,5.24,99.01,8.845,7.794
24.33,66.82,6.13,0.0,0.0,11.723
33.43,70.69,8.24,825.85,70.709,27.16
34.42,53.66,5.1,487.0,44.656,8.407
22.7,71.39,3.04,0.0,0.0,2.228
26.85,46.21,2.09,653.82,58.895,0.0
23.23,64.97,3.66,2.78,0.0,1.108
23.47,67.83,10.44,31.97,4.716,63.829
22.95,69.05,7.57,6.58,0.0,19.145
34.01,54.31,11.87,864.2,71.282,86.497
25.6,71.53,7.43,217.02,18.381,20.078
24.76,73.34,11.84,208.99,19.554,90.147
27.4,45.63,6.54,670.16,61.34,12.164
23.73,68.19,5.91,195.8,16.648,7.621
29.69,58.96,18.96,546.63,51.11,94.905
14.53,67.9,6.53,0.75,3.001,13.053
27.2,56.97,8.49,536.48,49.874,35.259
14.33,77.08,2.3,21.42,4.407,0.361
27.31,72.87,5.62,565.71,49.004,10.084
33.5,61.46,3.4,657.67,55.557,0.0
18.22,71.12,4.08,26.45,3.67,1.136
24.73,72.41,4.96,0.0,0.0,5.689
35.7,56.66,4.96,302.39,25.689,6.099
24.84,77.47,7.91,0.0,2.85,25.347
22.51,75.02,9.1,0.0,0.598,40.648
22.69,85.61,4.46,8.42,2.222,2.752
26.37,59.85,3.14,583.8,51.764,0.0
18.2,66.47,9.42,0.0,3.36,51.428
24.46,72.34,5.72,156.21,14.653,9.75
31.41,53.79,13.18,688.78,62.78,94.691
24.07,86.99,9.08,0.0,0.0,38.68
26.39,60.09,4.51,474.77,44.131,1.175
23.35,71.81,10.34,51.54,6.141,61.223
22.22,87.84,9.29,6.29,4.602,46.641
31.23,59.03,3.2,827.08,70.457,0.0
23.47,75.91,1.77,0.0,0.405,0.0
18.65,72.03,5.33,0.0,1.184,5.742
26.88,46.47,8.91,230.78,19.321,34.954
22.68,70.8,5.01,7.01,0.0,6.517
21.33,66.66,4.93,6.78,0.0,4.824
33.78,67.72,3.19,793.75,69.431,1.195
34.12,47.02,1.11,773.18,70.378,0.309
27.48,73.45,3.83,202.69,17.205,0.0
24.86,78.37,12.58,246.19,20.738,97.142
31.53,55.65,3.24,784.56,71.225,0.0
19.76,80.03,3.79,85.91,7.274,2.016
21.91,77.74,7.88,19.16,1.134,26.387
18.71,84.67,6.16,6.43,3.553,15.08
24.99,90.03,3.61,15.76,4.1,0.0
31.33,69.21,7.83,398.71,37.959,22.518
32.87,64.31,7.06,385.79,31.463,17.13
33.91,74.7,3.47,629.25,51.86,2.027
21.05,64.71,8.52,22.69,4.495,28.398
21.43,82.42,4.2,0.0,0.636,4.466
28.8,73.38,7.92,0.0,0.0,25.908
20.85,88.53,2.75,12.35,0.516,0.0
28.5,56.66,4.52,901.81,80.327,2.92
30.42,44.99,12.45,404.02,40.472,93.438
32.75,44.38,8.24,913.56,78.222,27.073
35.55,58.56,3.77,733.5,61.477,0.0
22.17,70.56,3.7,0.0,0.0,2.811
21.43,73.19,7.9,0.0,2.686,25.727
35.59,65.77,5.48,653.07,58.887,6.774
27.72,51.24,0.93,893.21,78.457,1.69
29.2,51.42,3.72,641.73,56.562,1.472
19.93,75.9,3.72,0.0,2.166,0.0
14.53,82.13,3.49,0.0,3.246,2.261
24.3,72.48,10.39,0.0,0.0,65.302
22.69,75.39,8.31,191.51,17.888,32.283
33.46,63.28,1.81,607.22,55.544,0.0
30.3,84.81,6.52,280.44,25.703,11.043
22.8,80.12,10.15,0.0,0.0,56.54
28.44,74.36,3.86,534.38,48.292,1.912
19.79,56.99,6.37,0.0,0.741,16.254
24.16,64.34,14.99,0.0,0.0,95.399
27.49,75.38,9.06,128.45,12.347,39.078
22.57,61.11,1.86,2.76,1.008,2.043
20.87,75.67,3.9,16.14,0.609,0.992
16.41,92.1,11.94,0.0,0.0,101.428
30.43,52.26,8.62,437.04,38.99,33.98
22.15,66.91,2.11,0.0,0.0,2.336
25.87,63.71,3.17,242.84,24.748,1.039
31.87,45.19,6.99,963.59,80.257,18.879
22.6,65.72,3.74,135.72,13.582,1.085
24.6,49.06,10.03,0.0,0.0,55.693
28.29,73.56,4.64,233.93,20.414,4.945
30.65,77.0,10.68,155.53,17.212,68.056
24.09,80.03,2.83,0.0,0.0,1.052
26.31,77.57,9.12,2.38,0.0,37.856
20.38,58.82,6.47,0.0,0.0,14.59
25.31,56.44,4.77,679.49,62.184,3.325
23.34,73.82,3.99,123.4,13.561,0.999
28.5,52.48,9.85,218.55,23.309,53.117
25.76,49.42,10.24,2.63,0.0,62.79
26.39,72.78,6.82,0.0,0.0,15.917
18.67,61.29,7.22,264.57,26.101,24.182
26.02,75.31,9.22,12.47,1.539,40.675
29.97,63.21,5.89,413.53,36.221,12.385
16.16,81.4,4.18,0.0,2.925,3.56
23.75,64.1,5.21,14.0,1.422,6.966
21.12,73.28,2.66,0.0,1.069,2.766
23.52,70.43,10.72,0.0,0.849,67.443
23.6,83.32,7.56,0.0,0.808,25.71
23.26,59.63,4.86,0.0,0.0,4.602
27.38,47.46,6.59,792.03,70.484,13.323
28.49,71.02,2.96,287.91,31.276,0.0
22.55,69.54,1.91,367.32,37.809,3.171
28.17,51.56,5.81,244.03,23.476,11.781
27.22,67.19,5.61,7.05,0.0,7.487
27.5,61.47,1.97,684.83,56.667,1.091
20.58,66.79,2.47,6.14,0.0,0.253
19.25,75.26,3.41,0.0,0.0,0.034
21.44,68.73,8.67,86.9,7.888,37.839
24.07,62.06,2.89,8.93,0.384,0.0
20.59,84.49,5.35,14.29,2.645,2.904
30.96,73.47,7.91,528.11,44.913,26.602
23.91,87.29,7.84,0.0,0.545,26.121
34.47,64.08,4.37,756.79,64.449,1.921
29.23,37.98,4.43,931.92,79.428,1.587
26.15,64.99,2.07,0.0,3.348,0.0
25.71,74.31,19.89,0.0,1.496,95.691
25.48,99.21,5.99,0.0,0.0,8.929
21.17,72.24,8.59,0.0,1.035,36.822
18.65,85.31,2.28,0.0,0.0,1.033
19.48,72.84,13.8,0.0,0.0,97.501
29.56,53.67,1.57,983.16,86.649,1.045
23.57,62.71,2.63,14.46,2.129,0.0
28.72,48.78,4.1,224.42,21.895,1.802
34.4,37.95,0.85,657.9,60.097,0.0
20.56,82.64,2.26,16.25,2.817,3.543
22.46,63.98,5.09,8.94,0.353,7.299
21.45,59.08,3.48,0.0,1.873,0.283
20.17,75.52,6.44,0.0,0.0,15.634
23.5,80.3,8.49,1.21,0.0,35.067
24.75,80.23,1.93,133.07,12.492,0.519
23.15,76.88,4.33,1.44,1.236,2.444
23.69,61.3,6.63,0.0,0.0,14.321
23.51,67.63,6.55,0.0,0.0,12.361
23.43,72.36,8.59,6.34,0.0,35.086
20.23,74.44,1.95,7.06,0.563,0.0
34.37,41.44,7.98,755.27,64.821,25.611
30.68,68.72,6.87,464.79,40.026,17.814
22.44,81.05,8.42,158.34,13.025,36.052
24.16,70.5,6.4,0.0,0.268,14.139
23.27,76.69,4.74,19.22,4.479,4.329
28.17,85.82,2.79,154.22,14.661,0.0
27.08,31.86,9.56,704.49,66.538,50.011
30.92,87.22,3.39,272.09,23.958,1.442
27.92,61.72,5.44,434.41,40.85,7.936
20.45,83.36,4.96,24.91,5.146,6.021
20.69,61.21,10.7,7.04,0.387,66.125
23.28,43.63,11.76,243.69,23.807,92.127
17.45,94.59,2.4,75.52,6.626,0.0
30.58,56.89,2.84,482.84,44.994,0.789
26.13,81.37,7.06,13.85,3.135,16.95
18.0,71.39,4.41,0.0,0.703,4.587
17.68,87.84,2.69,0.0,0.0,0.0
22.57,91.69,4.16,3.05,0.0,0.289
21.64,75.71,3.71,0.0,0.0,0.808
25.69,56.63,6.96,35.37,3.081,22.014
20.95,82.78,7.26,3.5,0.816,15.975
20.06,79.5,9.7,0.0,0.234,51.437
19.54,69.09,4.54,17.86,4.924,1.831
15.1,82.33,5.62,0.0,0.0,11.612
19.5,46.82,7.43,15.11,0.0,23.814
28.62,69.14,6.38,206.96,17.134,13.442
24.78,72.39,4.02,0.0,0.0,3.995
28.82,85.0,8.63,150.44,16.183,35.046
33.0,56.13,5.7,871.17,71.656,8.787
16.6,75.63,6.75,103.49,7.939,15.206
18.39,86.78,2.41,0.0,0.828,0.0
27.67,61.18,9.2,8.51,2.526,41.342
28.43,68.47,1.26,0.0,0.0,0.021
25.32,94.78,5.9,0.0,0.0,6.326
23.03,62.88,6.01,146.19,12.639,12.931
19.8,36.22,5.71,0.0,1.315,13.11
20.54,77.54,8.41,0.0,0.286,31.893
24.28,66.63,7.64,137.7,11.793,26.172
25.07,79.66,5.7,0.15,1.493,8.707
29.86,64.88,3.78,301.92,28.192,0.315
29.8,77.29,2.36,386.16,34.794,0.0
29.95,53.19,1.8,510.06,43.151,0.171
24.19,69.9,5.54,24.6,0.861,6.725
23.86,77.76,1.78,32.48,7.066,1.212
21.42,65.05,9.22,0.0,0.0,42.479
18.19,80.37,4.93,3.85,0.0,3.247
27.58,70.94,7.79,0.0,0.0,25.105
17.03,73.21,12.49,0.0,0.238,97.912
28.7,58.59,6.62,27.05,4.384,14.146
17.07,71.38,4.52,0.0,1.242,3.72
25.82,65.6,3.56,408.68,36.583,0.0
24.44,82.62,7.37,0.0,2.543,24.14
20.85,65.97,7.63,17.19,3.337,25.702
22.15,57.38,3.21,198.75,18.464,0.0
30.88,62.73,1.96,355.65,32.35,0.0
20.76,86.01,7.06,0.0,1.201,20.012
26.48,69.37,3.88,361.73,35.73,2.183
19.49,74.28,5.19,12.95,0.0,10.299
30.98,54.57,7.06,692.29,61.242,17.599
29.43,59.97,7.26,744.69,65.37,22.267
29.19,72.15,9.11,31.4,1.855,38.185
22.93,73.57,12.67,0.0,0.0,94.959
19.36,96.15,6.63,19.33,3.992,18.676
18.68,91.11,4.09,2.25,1.29,1.551
28.37,79.81,13.97,91.78,12.881,93.23
16.83,88.67,2.79,0.0,0.0,0.0
25.18,73.28,0.82,150.08,14.609,2.528
19.34,80.78,6.61,3.13,0.929,13.659
18.74,60.79,5.5,0.0,1.792,7.986
29.03,47.61,6.87,813.19,74.35,12.949
22.7,74.0,6.15,0.0,0.187,10.827
28.79,62.27,1.47,709.51,60.51,1.994
23.49,56.74,4.7,0.0,0.0,2.802
29.16,56.59,9.58,0.0,0.285,45.205
28.49,69.54,3.76,384.6,37.539,0.0
18.58,71.75,9.78,6.49,0.0,51.576
23.04,61.9,6.05,224.16,19.264,12.621
22.98,62.97,4.29,29.62,4.435,3.718
30.18,49.54,4.99,668.81,57.081,6.557
29.94,64.68,3.65,347.81,29.748,1.259
29.95,60.86,6.67,528.66,49.929,13.845
28.8,78.47,4.32,139.24,12.622,1.47
20.96,80.76,8.98,10.75,0.459,41.066
28.23,51.41,2.54,751.45,69.519,3.178
24.17,78.65,7.04,2.59,0.0,16.417
25.02,89.39,5.06,0.0,0.0,3.812
22.46,78.34,4.9,9.21,4.159,2.915
31.95,49.07,8.08,937.02,80.444,29.408
25.73,52.67,2.54,11.65,2.508,0.0
27.2,70.4,7.06,222.09,20.279,19.423
23.4,69.95,8.48,391.9,36.484,32.291
21.94,85.65,6.18,0.0,0.0,13.207
29.43,80.01,3.13,226.2,21.55,0.0
28.24,63.61,6.52,19.46,3.543,10.944
18.64,76.83,7.81,48.5,5.192,27.905
25.2,64.6,2.14,189.54,20.265,0.0
21.59,96.11,3.06,0.0,1.325,0.0
26.56,53.13,6.84,266.96,23.308,17.086
30.99,48.21,6.59,688.93,60.854,11.517
21.11,65.67,7.01,0.0,0.0,19.123
21.46,77.0,1.29,0.0,1.507,0.0
23.74,83.01,3.04,0.0,0.923,0.0
34.25,54.26,10.14,682.47,59.701,58.274
20.49,79.58,3.84,0.0,2.027,2.982
19.62,84.11,4.52,0.0,0.0,3.431
23.3,77.27,6.51,182.15,16.199,13.987
20.51,65.12,7.3,0.63,0.0,15.791
24.74,59.21,8.6,528.52,49.297,33.015
31.13,61.31,7.25,648.09,58.294,20.065
29.59,70.61,6.42,449.29,40.658,11.738
21.81,69.38,4.51,0.0,0.0,1.059
20.67,83.01,10.29,0.0,0.814,62.164
21.62,87.43,3.64,0.0,0.256,3.831
30.87,64.87,11.43,195.76,15.348,80.174
20.48,71.38,4.38,0.0,0.0,5.036
18.72,,8.58,0.0,0.748,36.557
20.91,73.87,10.15,0.0,3.306,56.652
26.3,84.21,3.18,0.0,0.0,0.0
18.27,70.04,2.1,6.49,2.23,3.606
31.84,51.8,8.79,454.07,39.143,33.979
24.47,76.85,5.75,16.55,0.0,8.057
18.7,63.39,6.07,243.65,21.389,15.325
31.25,72.62,4.76,425.93,39.535,3.365
24.98,71.66,3.84,0.0,0.26,4.395
29.0,46.4,3.12,539.74,48.731,0.0
19.71,68.51,4.09,0.0,0.916,2.682
22.22,62.89,9.47,0.0,0.082,49.289
19.59,70.13,4.61,7.91,1.009,3.189
28.45,72.85,8.05,443.14,39.652,27.961
22.01,71.62,8.76,21.18,0.029,38.534
26.07,72.04,2.35,276.56,29.321,0.0
24.7,,7.95,0.0,2.801,31.512
21.82,55.47,0.44,200.12,22.721,2.075
17.18,76.31,3.78,11.47,0.068,0.87
32.0,88.72,4.47,311.16,26.586,2.973
21.77,84.72,5.54,0.0,0.0,12.036
26.92,65.63,6.12,407.55,39.809,10.713
23.66,51.27,2.61,0.0,0.0,0.0
22.05,82.82,1.07,0.0,0.0,2.292
19.56,76.94,3.68,0.0,0.728,0.0
31.04,69.34,4.55,502.92,43.487,3.59
28.13,64.84,4.47,627.53,53.395,3.689
19.85,80.99,11.23,15.73,1.809,78.862
14.63,85.26,6.3,0.0,0.0,9.994
26.4,75.48,1.92,8.62,0.805,0.138
19.64,79.8,4.42,0.0,0.0,4.817
25.51,67.71,4.97,107.38,8.559,4.093
21.48,64.71,8.12,5.78,0.484,26.849
21.76,81.51,5.95,0.0,0.0,13.085
20.3,74.23,2.39,0.0,0.0,1.056
22.14,82.24,9.29,0.63,0.139,43.721
18.68,72.55,5.14,0.0,1.403,8.152
19.8,62.48,5.42,0.0,0.0,8.107
30.22,70.42,10.4,566.11,49.804,64.873
26.69,73.65,1.73,349.32,31.859,1.328
30.69,67.09,4.53,305.8,25.014,0.897
21.65,95.2,3.0,0.0,2.368,0.0
21.41,68.65,1.55,0.0,0.0,0.0
21.66,66.2,5.2,0.0,0.0,7.154
24.7,67.09,12.06,171.61,17.21,96.135
24.4,74.53,5.63,177.68,13.831,6.384
24.38,64.34,11.08,0.0,1.84,77.103
23.59,54.87,4.48,0.0,2.101,5.577
16.48,88.1,6.77,9.54,1.228,16.381
15.61,82.17,4.27,0.0,0.924,3.413
30.48,62.01,10.31,846.34,72.225,57.691
25.62,72.75,7.94,0.0,1.727,25.802
21.02,88.39,6.47,0.0,0.0,13.096
27.05,77.95,7.01,0.0,0.0,19.002
29.73,70.69,2.23,487.65,43.938,0.512
24.89,78.22,3.74,25.16,2.356,0.776
34.34,42.41,2.02,728.34,65.763,0.0
24.79,74.89,4.71,5.35,4.896,0.481
28.77,58.01,5.19,856.23,74.226,9.562
22.84,67.94,10.28,2.35,1.173,56.461
26.44,64.53,4.61,78.05,5.931,4.855
22.64,71.31,4.48,0.0,2.064,3.695
22.12,87.31,2.5,2.32,0.0,0.0
18.94,57.42,4.05,0.0,6.29,2.269
28.44,69.58,5.55,13.04,0.0,6.742
19.74,75.23,5.3,0.0,4.295,8.348
23.89,72.29,5.45,555.33,52.716,5.04
26.75,89.98,2.56,204.85,16.8,0.656
25.2,49.84,3.67,908.02,84.838,0.0
21.84,77.77,8.94,185.08,15.921,38.61
28.22,83.31,4.0,0.0,0.0,1.27
27.01,71.95,1.04,416.19,35.61,0.0
18.34,72.9,9.54,0.0,0.0,49.839
24.33,81.79,3.72,148.12,13.995,1.318
20.14,48.66,6.07,0.0,1.66,13.203
32.4,73.32,5.62,398.35,40.649,10.411
21.67,73.77,9.73,150.58,13.556,52.003
21.11,81.26,13.91,0.11,0.0,99.289
18.07,57.46,4.83,0.0,1.297,9.042
29.74,72.37,7.61,0.0,0.0,20.327
31.67,62.09,6.61,490.55,47.703,16.711
21.55,86.02,7.38,6.23,0.539,24.663
28.2,75.96,4.0,304.92,26.635,2.949
21.6,58.25,15.29,2.19,0.0,101.568
17.82,67.91,3.1,0.0,1.246,3.704
18.39,85.03,6.89,0.0,0.0,16.777
25.59,87.09,3.53,0.0,2.935,0.436
20.41,70.35,3.9,0.0,0.0,2.92
20.63,78.69,6.72,268.92,28.504,14.729
27.97,55.22,1.43,736.1,62.667,5.422
23.74,87.59,11.49,0.0,0.0,86.675
29.05,64.38,9.13,624.09,57.277,41.174
22.37,54.56,7.85,44.39,3.481,23.4
25.73,59.98,1.39,0.0,0.0,0.504
20.38,84.31,5.44,0.0,0.0,5.37
28.85,72.13,3.37,330.87,28.289,2.143
18.72,70.4,5.22,11.39,2.409,1.668
33.7,43.85,4.03,827.54,71.397,4.884
19.85,80.29,9.14,0.0,0.0,41.708
22.98,52.7,9.17,19.18,3.491,39.197
23.4,76.61,7.11,11.12,3.435,18.963
23.08,79.42,4.33,0.0,0.0,3.118
21.9,69.32,6.87,0.0,2.006,16.948
19.7,87.07,6.26,2.71,0.0,15.359
31.5,90.49,3.66,234.94,22.478,1.994
22.57,76.19,3.34,5.96,0.907,2.184
25.76,55.72,6.24,343.43,30.827,11.714
20.1,75.22,3.61,0.0,4.106,2.022
23.96,92.54,5.72,29.72,3.314,6.515
23.18,64.09,11.7,3.77,0.0,90.631
20.29,86.9,6.93,13.04,1.316,16.146
23.03,61.5,5.2,8.1,0.0,9.126
21.79,80.32,10.59,4.1,0.0,66.785
23.48,52.87,8.37,1.63,0.0,33.314
29.76,58.61,1.64,263.66,23.894,0.525
23.79,84.01,0.71,10.78,0.0,3.613
30.81,76.94,12.18,340.01,33.385,91.678
24.59,96.3,5.06,0.0,0.0,5.599
26.58,73.6,8.46,208.4,17.779,30.781
30.68,47.89,1.96,473.65,40.95,0.0
33.66,56.89,3.31,675.1,56.331,0.0
26.54,65.65,2.78,40.18,5.947,2.344
27.07,71.56,5.19,138.44,13.675,6.286
25.01,64.24,2.65,14.38,2.788,0.0
26.13,95.29,3.54,0.0,2.037,2.522
31.36,51.19,8.19,998.97,83.947,29.281
25.29,60.15,11.33,269.55,28.576,82.196
31.37,49.94,5.07,800.71,68.524,6.391
22.1,51.0,4.78,0.0,0.0,5.796
17.13,68.28,6.27,0.0,0.747,11.892
25.5,78.36,7.28,0.0,0.289,22.488
28.31,50.05,3.99,741.92,66.356,0.0
22.05,75.02,3.93,0.0,2.031,1.77
22.54,74.03,7.96,244.79,23.56,29.555
27.95,65.07,5.08,254.1,24.474,5.563
25.23,63.95,6.85,311.67,32.118,15.861
19.13,72.38,7.33,0.0,0.533,25.868
23.94,62.19,2.23,0.0,0.989,2.837
20.62,63.29,9.04,22.77,0.0,41.368
18.42,77.21,10.68,0.0,7.438,67.268
29.82,65.85,4.48,446.58,37.366,0.0
33.98,64.67,6.8,771.09,64.798,17.278
19.74,72.93,7.37,0.0,0.0,24.11
25.48,70.33,7.9,300.57,32.43,27.263
29.19,70.52,2.21,462.46,40.655,0.0
23.38,84.93,5.07,0.0,0.884,6.217
29.35,81.05,9.62,165.12,14.25,47.372
22.6,73.89,7.4,244.7,21.256,22.0
29.48,71.18,1.05,528.61,48.491,3.887
31.27,58.48,0.77,435.77,38.173,1.579
31.82,61.54,5.77,225.77,21.396,10.349
19.49,77.63,5.42,66.58,7.802,7.557
27.18,53.91,2.72,473.65,47.581,0.829
29.84,66.06,4.6,497.89,42.369,2.504
19.91,77.5,4.11,0.0,0.0,3.576
25.98,54.24,4.78,507.09,46.662,4.274
21.44,88.84,3.24,0.0,0.002,0.0
30.11,57.06,5.95,216.63,25.513,11.916
16.85,65.94,8.44,0.0,0.0,29.036
26.36,67.78,2.16,0.0,0.0,0.0
25.67,49.59,4.02,383.17,35.776,3.375
24.92,63.46,10.43,0.0,0.0,65.344
25.51,74.38,4.89,0.0,0.0,6.03
32.96,62.63,4.04,823.41,68.849,0.805
22.9,69.01,8.86,10.43,0.0,38.214
25.46,68.91,2.1,100.35,13.986,0.583
30.77,52.63,5.43,698.93,62.423,10.534
33.01,64.01,9.74,702.1,60.47,51.468
22.4,74.02,4.44,14.89,5.716,5.314
23.15,65.38,3.81,3.22,0.0,1.74
27.32,60.03,4.04,749.03,67.599,0.044
26.48,40.6,3.99,574.14,50.594,0.0
18.54,63.34,3.56,0.0,1.502,0.46
23.02,73.83,11.48,0.0,0.0,86.428
26.83,82.36,3.62,755.41,66.77,0.139
30.59,50.16,5.31,945.76,84.968,7.985
20.04,53.99,7.83,0.0,0.187,24.594
33.13,59.25,3.53,477.47,38.403,0.0
17.51,82.52,7.77,0.0,0.072,28.539
19.91,56.07,9.95,0.0,0.961,56.871
23.89,57.92,5.05,6.9,2.485,5.193
27.76,76.71,6.88,78.18,10.381,15.132
20.09,85.41,6.96,31.22,6.105,19.806
21.17,75.63,5.46,18.76,1.584,9.552
34.7,50.3,3.19,729.48,61.886,1.571
29.46,60.13,12.6,352.64,30.373,94.867
33.43,51.97,3.61,835.24,70.563,0.0
21.74,55.22,6.05,8.97,1.849,11.119
23.85,63.84,7.19,0.0,0.0,22.432
17.61,79.54,4.86,24.45,0.577,3.317
20.69,67.16,6.32,6.06,1.728,13.064
33.65,52.58,6.04,473.22,41.272,13.953
33.08,68.53,4.22,551.9,49.354,2.043
23.93,71.98,3.82,26.1,0.918,1.382
22.84,60.04,2.07,330.96,32.129,0.0
19.19,76.45,8.36,115.9,9.813,33.532
29.37,52.05,12.66,729.84,60.883,93.77
21.2,79.7,6.8,0.0,1.912,13.473
28.14,53.98,7.97,780.1,67.557,25.006
23.05,60.75,6.45,0.0,0.0,14.188
28.68,74.34,5.21,125.4,10.45,3.279
24.52,52.43,5.38,0.0,1.089,4.545
22.95,81.89,1.9,2.53,0.913,1.119
19.0,77.47,6.92,17.01,2.771,17.516
18.35,58.63,3.77,0.0,0.0,0.0
19.94,63.9,8.91,0.0,0.0,38.68
23.93,69.42,5.96,502.99,47.194,14.029
28.21,75.59,3.58,241.67,25.587,3.628
30.49,79.17,3.61,505.09,45.501,0.902
19.58,92.88,1.9,11.67,0.0,1.632
24.29,59.96,6.51,0.0,0.536,14.41
26.01,70.35,4.41,0.0,0.0,0.0
29.5,54.39,1.38,0.0,0.0,0.0
24.14,55.86,1.59,1.95,0.0,0.0
20.47,88.78,6.25,0.0,0.0,9.4
24.52,67.76,5.04,7.95,0.814,6.292
29.19,71.9,3.86,186.4,16.864,0.602
25.58,61.14,2.84,820.87,74.33,0.851
28.35,51.97,5.28,5.55,0.0,7.617
20.65,63.3,4.5,0.0,0.0,5.091
27.86,86.04,3.89,348.43,30.121,0.0
29.75,56.88,2.42,707.29,61.305,1.031
22.66,69.07,9.67,0.0,0.0,48.386
17.93,68.75,10.66,1.64,0.0,70.305
22.9,60.39,4.97,0.0,0.0,7.925
33.66,66.23,5.62,865.41,67.854,9.753
23.33,73.77,5.34,0.0,0.246,6.786
31.16,68.55,6.3,508.25,43.154,13.571
29.97,74.02,1.33,663.94,54.147,0.0
31.84,79.86,9.81,418.13,38.591,47.344
28.2,79.36,7.02,144.34,16.649,18.866
32.96,91.17,4.92,419.89,36.771,7.732
23.64,80.24,4.95,47.89,5.17,2.922
23.8,87.64,3.53,27.39,3.192,0.993
23.2,78.16,4.57,0.0,0.0,4.785
28.7,88.03,7.88,14.0,3.101,24.688
33.73,66.27,5.62,448.03,42.45,7.618
29.22,74.08,3.03,382.37,38.534,1.265
17.53,100.0,7.29,0.0,0.0,21.176
29.11,70.83,10.2,573.97,48.935,58.15
20.45,79.77,0.9,4.67,3.178,0.0
23.47,66.68,1.35,0.0,0.998,0.0
18.5,82.78,9.09,24.34,4.154,41.231
25.85,62.72,3.59,0.0,0.0,0.398
16.55,87.59,5.55,0.0,0.543,7.325
15.91,86.88,6.06,0.0,0.0,11.406
22.08,80.02,4.77,81.62,7.905,2.954
20.48,79.53,6.18,1.52,0.0,12.074
26.08,80.26,4.03,453.34,45.985,1.444
25.43,73.05,9.66,299.65,29.171,47.725
20.3,85.34,2.29,68.45,2.362,0.0
28.2,69.3,5.78,271.43,25.301,11.246
19.84,72.16,7.17,6.95,1.427,21.253
20.07,65.85,5.64,9.59,0.008,7.192
23.32,60.36,4.59,0.0,0.0,5.363
27.64,78.54,5.05,148.62,15.316,3.689
29.72,50.5,2.89,208.13,17.81,0.0
26.04,77.73,4.72,220.66,21.895,3.369
23.82,85.48,5.42,107.32,8.165,6.996
21.69,70.97,10.06,0.0,0.0,58.259
24.6,43.7,6.17,3.49,2.261,11.047
24.41,62.7,6.12,0.0,0.978,10.811
30.92,63.19,2.48,237.47,22.153,1.486
16.29,67.89,10.89,0.0,0.0,74.067
22.94,73.87,3.21,0.0,0.181,0.0
26.65,53.45,5.27,255.26,22.728,7.237
31.92,49.72,2.95,810.62,67.347,1.985
20.01,85.96,5.33,98.35,10.689,9.282
21.19,59.54,5.55,234.01,25.8,5.659
25.62,58.78,8.94,6.06,1.804,36.474
21.39,78.38,6.2,0.0,0.508,14.14
16.69,75.82,1.3,0.0,0.0,0.0
24.77,78.74,1.18,0.01,1.755,0.0
22.37,82.74,13.07,0.0,0.963,96.046
30.49,63.25,3.35,620.98,56.584,0.0
27.68,70.05,3.41,657.49,60.487,0.096
24.94,79.2,9.43,223.42,24.238,47.677
32.9,46.41,3.23,534.89,45.889,0.0
15.44,82.91,1.38,0.0,0.0,1.871
20.98,61.19,7.93,219.81,21.683,27.79
18.16,81.27,9.46,8.99,0.0,45.053
31.31,66.36,2.63,746.24,62.474,0.0
22.16,64.26,4.4,40.53,6.44,4.327
24.93,81.62,6.64,0.0,0.0,15.2
31.53,65.26,3.95,471.86,42.384,2.69
21.68,90.67,7.36,8.83,0.0,20.21
31.43,54.56,4.84,522.88,47.234,5.932
32.16,52.32,3.55,719.68,65.429,0.18
21.38,70.76,6.16,0.0,2.426,16.97
23.96,79.28,15.97,333.33,33.218,94.345
23.52,68.69,6.14,210.51,20.014,17.08
16.1,76.53,7.23,0.0,2.223,18.657
20.83,68.05,1.74,19.07,2.751,2.542
23.75,99.88,3.49,100.15,8.59,2.537
16.48,78.67,9.72,0.0,0.763,50.314
22.25,76.52,4.74,0.0,1.771,5.775
26.35,59.83,2.96,377.1,32.577,0.0
20.48,69.63,4.45,0.0,0.0,4.077
19.09,64.76,1.38,9.53,0.668,0.296
16.79,76.21,4.22,0.0,0.0,2.111
25.48,56.27,8.56,13.84,0.0,33.147
26.52,75.58,11.09,234.19,21.133,76.219
22.71,76.98,6.67,0.0,1.984,13.674
21.76,77.85,12.05,0.0,1.946,95.974
29.38,67.49,7.31,600.07,54.076,22.29
33.7,69.02,3.85,273.46,25.265,2.508
15.29,91.99,1.46,9.63,5.133,0.0
31.84,55.05,6.23,475.17,41.904,9.926
36.26,54.34,9.34,707.57,61.338,38.841
23.5,84.62,7.0,20.03,0.76,19.906
22.12,45.92,4.39,0.0,0.0,4.683
34.78,65.34,6.77,638.87,57.715,13.422
25.27,52.29,4.58,265.59,24.821,5.23
21.27,58.12,4.97,0.0,1.39,9.491
28.38,81.06,9.03,509.37,45.094,36.832
22.01,69.49,4.4,133.56,15.482,2.114
18.56,83.87,4.24,16.08,0.0,0.0
32.91,72.03,7.38,401.16,38.297,22.69
22.35,70.86,10.07,179.05,19.061,56.884
30.61,56.17,3.98,696.03,57.833,1.222
19.61,57.97,5.74,0.0,0.0,9.85
25.6,74.8,7.51,208.12,21.72,21.397
28.28,65.25,4.46,772.83,70.979,2.665
19.75,60.46,5.33,0.0,1.431,7.738
25.92,49.55,4.78,248.8,23.069,3.455
26.54,59.26,5.72,0.0,0.0,8.116
31.35,74.85,10.92,507.29,46.194,70.677
23.01,85.17,3.96,0.0,0.0,2.186
26.23,80.76,8.62,203.81,18.37,35.921
19.8,67.02,6.86,0.0,0.0,18.279
24.1,80.22,5.86,0.0,1.764,6.94
21.76,73.87,11.04,9.85,4.583,78.579
28.75,70.49,8.43,301.02,29.92,32.232
27.46,77.38,5.93,1.62,0.175,9.559
19.75,60.2,2.8,14.34,0.0,0.0
20.36,75.23,4.02,10.97,2.42,6.159
20.65,62.53,7.38,16.69,4.995,26.323
18.48,75.46,5.91,14.76,3.477,14.175
26.21,74.98,8.88,366.94,34.339,38.285
24.54,95.43,12.21,0.0,0.0,97.483
17.79,,5.4,0.0,0.69,10.579
31.83,65.39,9.09,384.15,37.181,39.689
20.55,69.53,1.83,11.71,1.627,1.083
36.58,51.7,4.32,714.17,61.201,3.399
26.86,65.33,8.46,415.69,37.018,36.558
21.39,84.4,2.31,29.18,8.024,2.873
24.69,71.97,4.58,407.77,36.058,3.654
20.63,56.22,6.01,3.43,0.0,13.981
24.27,83.7,13.51,0.0,0.328,96.875
22.93,76.11,9.53,4.62,0.048,46.931
25.18,65.65,5.04,0.0,2.047,5.157
17.57,79.03,5.28,3.17,2.431,7.291
32.1,73.37,1.52,598.11,49.953,0.0
19.2,78.89,2.14,7.08,0.0,0.0
18.83,78.03,12.77,0.0,0.0,95.803
22.96,65.25,3.1,14.03,2.952,0.0
21.94,77.43,7.59,0.0,0.857,24.009
24.0,54.87,2.41,2.85,0.0,2.084
22.97,81.79,2.92,18.04,2.187,1.828
25.49,69.71,3.11,28.05,0.471,1.029
25.68,84.74,2.89,10.98,0.0,0.0
24.22,79.5,3.06,391.52,33.652,0.0
25.9,81.83,4.78,2.53,0.535,4.248
27.21,68.32,9.92,0.04,0.288,55.532
19.06,73.16,3.88,7.94,0.0,0.706
16.96,76.87,4.04,0.0,0.842,0.0
16.92,90.31,3.07,0.0,2.114,3.006
19.79,77.44,6.52,0.0,0.0,13.013
29.1,53.69,7.13,0.0,0.0,16.533
30.71,75.1,9.3,689.94,61.0,43.756
20.45,74.52,9.02,0.17,0.004,40.744
20.83,68.31,9.86,0.0,0.0,52.621
18.56,59.82,1.4,0.0,0.0,0.001
25.06,69.9,8.63,7.58,0.0,33.164
21.31,80.59,1.26,11.71,0.807,0.0
29.42,69.52,2.26,0.0,0.0,0.0
22.67,74.67,6.43,0.0,3.132,9.574
24.74,70.48,3.03,14.32,0.979,1.953
24.95,67.73,3.78,214.53,17.005,0.0
20.4,75.35,8.33,8.21,0.994,29.873
19.5,78.91,13.34,24.25,5.89,100.463
19.78,56.51,1.78,24.29,2.106,1.139
24.03,67.55,0.59,11.07,0.209,0.175
21.47,70.82,2.56,10.63,0.44,0.0
23.06,79.79,3.43,33.78,4.451,0.0
27.61,59.76,9.64,343.44,31.436,48.562
20.87,65.01,95.0,0.0,0.0,22.461
19.46,58.34,3.11,12.73,0.0,2.464
30.22,68.14,4.43,458.19,41.261,7.337
21.48,69.54,18.71,18.6,2.909,99.032
33.02,80.58,8.89,624.7,52.808,36.284
21.04,69.85,3.58,1.98,0.0,3.517
25.4,53.57,4.2,0.0,0.09,1.498
28.44,50.71,1.81,0.0,0.0,0.0
25.32,,7.73,117.15,10.954,22.136
33.71,57.13,3.78,694.83,61.365,0.0
34.71,60.7,8.19,986.93,79.422,27.993
28.21,83.49,3.23,88.14,8.921,0.019
33.73,34.98,0.58,961.25,79.5,0.0
30.79,55.24,5.85,501.61,43.279,7.931
21.02,72.53,4.9,0.0,0.0,2.35
18.02,86.4,8.28,0.0,2.731,31.218
25.32,60.74,4.16,402.93,34.228,0.834
25.95,72.81,5.91,43.48,3.268,12.205
17.08,73.67,6.53,18.99,1.85,15.032
28.41,58.44,3.06,242.87,25.239,3.308
21.3,87.63,14.14,6.37,4.517,96.951
23.36,92.93,10.4,10.91,0.207,66.972
18.74,85.19,3.23,0.0,1.079,0.401
20.61,59.84,3.37,20.54,1.863,0.0
24.57,75.51,9.29,0.0,0.0,48.967
22.8,72.53,4.34,128.7,12.998,0.0
27.24,69.09,2.2,613.46,51.799,0.0
27.72,68.18,7.82,17.17,1.561,22.031
20.26,81.25,7.39,68.01,7.549,18.043
26.33,60.43,5.01,437.67,38.841,1.471
31.03,60.35,12.97,771.55,67.956,95.964
26.16,76.43,3.68,0.0,0.0,0.0
16.97,59.38,7.27,0.0,0.187,20.308
34.53,51.74,9.04,758.92,68.15,41.023
20.69,66.44,4.24,8.69,0.427,3.775
21.55,73.66,2.8,15.64,0.0,0.828
19.15,65.48,9.4,9.31,0.0,49.054
27.85,76.08,9.21,36.16,4.237,45.728
31.57,58.84,3.67,685.89,62.076,0.0
21.53,73.09,7.59,135.03,13.002,24.504
26.21,77.42,0.48,269.43,24.237,0.0
20.74,87.32,4.32,14.35,0.0,2.797
26.84,67.39,4.82,293.95,27.772,1.772
22.04,71.52,8.2,25.78,1.157,29.038
21.95,67.67,2.11,0.0,0.0,0.0
17.97,76.54,7.61,21.11,5.334,26.922
25.88,75.66,1.85,257.04,20.509,0.0
24.27,65.26,5.72,0.0,0.0,4.347
28.2,54.96,3.06,617.01,56.131,0.086
33.49,62.91,2.1,748.95,63.647,0.0
30.71,61.54,5.66,595.49,51.966,8.349
21.17,79.64,3.53,0.0,0.545,2.296
24.94,83.55,6.94,0.0,0.512,17.284
23.43,61.19,4.93,473.77,42.272,4.435
21.1,73.04,4.46,0.0,0.0,3.245
32.92,73.12,3.44,350.58,31.71,2.449
35.9,62.13,5.44,622.76,54.269,5.053
27.17,65.56,2.25,0.0,0.967,1.457
23.32,57.42,0.11,9.72,0.0,0.0
23.13,66.67,0.59,12.59,1.934,1.204
33.31,60.87,7.33,570.92,52.328,17.183
26.84,79.04,9.04,96.59,9.274,41.236
32.18,56.05,7.61,782.73,67.586,22.745
31.83,75.38,2.98,307.51,27.49,0.193
32.25,57.81,1.44,621.59,53.691,1.918
27.72,75.18,2.71,267.88,23.038,0.0
19.2,87.23,4.36,0.0,0.0,3.192
29.23,51.0,7.07,700.16,63.295,18.867
28.24,58.46,9.99,535.1,46.874,53.948
19.38,61.11,9.74,0.0,0.0,53.34
17.67,69.25,5.8,0.0,0.0,10.429
20.13,72.02,2.78,18.46,5.385,0.0
29.91,48.94,4.44,586.42,54.428,5.901
32.94,40.68,7.4,965.13,83.638,22.067
29.88,64.99,2.38,460.04,43.557,0.0
30.19,67.82,7.36,609.95,52.944,19.095
22.47,77.57,8.01,0.0,2.754,27.477
27.51,67.36,8.01,525.87,47.991,28.324
25.92,56.52,4.56,0.0,0.0,0.0
20.17,78.54,7.36,0.0,0.0,19.867
21.86,53.31,4.79,42.39,3.422,3.603
23.08,50.04,12.21,0.0,0.0,94.398
18.3,83.94,7.71,0.0,0.0,23.031
21.23,71.7,4.17,14.54,0.283,2.899
20.61,86.3,8.71,27.21,1.861,35.578
21.63,80.72,8.05,89.55,5.915,27.593
29.98,64.09,5.2,234.62,23.311,3.611
30.16,68.24,7.06,404.88,38.02,17.698
28.36,59.46,3.82,0.0,3.38,0.0
33.06,62.24,9.07,494.17,47.418,42.708
32.28,80.41,6.77,158.04,14.87,19.193
28.25,66.89,3.16,192.88,20.238,0.0
25.21,63.7,6.75,0.0,0.523,13.714
27.32,68.04,5.08,503.79,44.96,7.59
25.22,79.25,9.1,0.0,0.0,42.439
27.88,58.66,5.01,661.09,60.485,9.291
16.81,85.71,4.94,10.85,9.254,9.739
27.48,63.3,9.55,9.67,3.272,43.44
18.87,66.19,2.73,0.0,0.493,2.317
32.75,64.38,7.87,832.83,71.934,25.025
27.16,52.82,10.46,530.54,49.663,64.125
29.08,58.14,5.19,254.18,23.696,7.886
26.06,79.83,7.17,30.33,4.426,20.822
25.01,61.89,2.18,7.69,0.444,2.001
26.25,78.97,8.02,89.14,6.478,26.498
31.24,52.84,4.89,725.61,64.734,3.082
37.31,64.33,11.14,584.92,51.735,76.352
34.14,63.95,7.56,839.76,70.762,20.607
20.99,69.3,6.66,13.87,1.993,19.191
23.4,65.15,10.96,0.0,1.922,72.107
23.32,70.11,6.06,0.0,0.0,10.399
31.38,56.56,5.95,826.89,70.52,9.824
21.55,74.21,6.55,321.14,29.043,11.52
31.25,58.41,4.38,465.47,41.646,0.11
27.29,67.43,3.32,826.25,75.13,2.366
19.16,67.79,5.61,352.36,33.404,5.209
29.34,42.89,4.78,537.73,49.975,9.648
27.16,72.06,0.67,590.71,52.33,0.0
27.72,60.68,6.82,621.1,55.044,14.32
20.77,51.56,2.77,672.64,60.632,0.84
28.36,52.0,5.26,705.84,63.246,1.758
23.94,72.6,8.59,177.55,15.963,33.876
18.14,77.65,8.61,0.0,2.547,35.189
21.18,80.29,3.99,0.0,0.0,0.0
28.76,75.07,3.42,130.81,12.234,0.0
32.55,58.58,4.76,656.25,57.246,7.517
26.76,57.9,7.63,4.08,1.142,23.975
33.83,66.25,3.27,646.12,59.099,1.244
28.99,58.11,3.85,850.0,71.807,0.109
31.62,56.43,3.43,702.02,62.163,0.0
35.6,57.27,8.52,932.07,74.602,32.029
25.38,65.59,2.04,333.01,33.713,0.0
20.27,60.33,2.74,15.04,1.289,0.0
33.87,68.95,6.32,873.37,70.357,9.933
16.69,85.32,8.57,6.63,0.0,31.109
21.64,79.24,9.95,200.54,20.846,56.382
27.29,79.91,2.8,321.43,26.302,0.0
24.39,62.34,3.78,0.0,0.557,0.298
22.5,54.68,11.65,0.0,0.0,90.458
26.36,54.77,2.55,0.0,0.0,0.0
19.25,77.47,14.59,8.7,0.0,95.858
29.46,53.0,3.48,885.95,74.882,3.075
27.25,58.09,9.03,236.18,21.432,44.532
28.16,45.34,7.72,522.15,49.222,25.743
21.13,66.49,9.89,0.0,0.0,55.143
17.74,55.65,4.48,0.0,0.842,2.485
21.15,77.45,2.31,5.8,0.087,0.0
30.78,65.29,10.56,222.3,21.918,64.533
27.65,55.9,1.06,581.36,53.614,2.746
24.87,66.24,2.2,0.0,0.0,0.853
29.18,60.68,3.53,568.45,49.248,2.871
25.59,68.64,7.78,651.34,60.43,23.363
20.96,58.97,4.57,3.41,0.0,5.164
18.25,89.77,5.19,0.0,1.002,5.221
22.16,55.31,3.87,0.0,0.062,2.059
24.49,53.2,4.85,0.0,0.0,6.193
28.29,55.56,3.63,0.0,0.859,0.107
16.1,69.34,8.06,1.76,2.914,27.009
19.36,82.6,15.52,8.4,2.08,99.235
17.52,75.85,5.41,6.61,0.919,7.402
17.59,65.02,8.74,9.04,4.154,37.615
21.63,79.61,2.84,0.0,0.0,1.314
30.78,68.93,6.23,614.07,51.955,14.573
19.44,86.04,1.55,144.46,13.053,1.327
30.7,70.11,1.22,589.22,54.963,1.064
18.96,61.53,9.28,0.0,1.886,43.706
23.8,75.63,8.0,121.84,8.287,26.929
27.95,75.04,7.42,154.14,13.655,22.4
24.89,59.3,7.19,0.0,0.0,18.829
25.29,68.55,5.52,228.56,21.614,8.935
21.16,57.82,5.41,0.0,1.804,5.935
20.81,76.15,2.28,0.0,1.951,3.859
31.97,63.79,2.39,598.6,53.402,0.387
22.11,92.6,4.92,0.0,0.0,5.521
26.43,75.27,10.1,328.9,30.326,55.782
21.64,84.12,9.41,12.67,2.604,50.144
25.87,56.95,4.24,628.62,61.81,0.272
22.6,77.51,9.42,150.39,12.094,44.91
26.53,57.85,1.63,159.08,18.463,1.707
25.49,59.81,10.66,0.0,0.488,67.597
23.31,59.61,7.69,0.0,1.641,23.273
35.17,62.56,2.05,688.12,59.612,0.0
28.56,71.73,7.58,363.59,36.194,22.398
20.43,83.83,6.73,8.38,1.482,16.252
25.54,83.2,3.31,284.28,25.152,3.631
30.14,72.3,4.8,245.33,23.604,5.874
33.12,55.82,6.69,563.81,52.347,17.097
27.6,70.82,1.93,8.1,0.781,0.0
27.19,74.91,3.12,0.0,0.0,1.214
16.74,86.5,6.88,11.21,0.883,14.323
26.77,55.79,11.12,695.44,62.645,76.472
11.6,83.05,4.42,0.0,0.0,3.783
32.97,66.77,2.88,594.04,51.144,3.643
25.1,71.49,1.71,103.26,12.583,3.115
20.43,91.88,8.64,5.23,0.0,35.109
22.01,61.81,4.05,231.4,22.565,0.617
23.09,66.49,5.65,0.0,0.216,7.188
26.71,68.93,5.12,288.65,31.217,5.479
25.87,69.59,10.98,7.46,0.697,76.079
28.03,61.66,4.13,283.41,27.457,3.263
24.87,54.79,6.92,0.0,0.25,18.348
27.21,76.31,4.08,345.26,32.027,3.927
28.4,74.62,3.05,147.21,17.391,0.0
25.17,63.8,6.32,3.22,0.0,11.387
23.37,59.54,9.11,354.95,32.345,42.686
25.58,83.48,1.55,0.0,1.508,0.0
26.0,72.89,4.32,1.22,0.632,0.0
33.7,56.3,3.04,876.6,73.84,0.0
33.42,41.71,4.89,954.42,81.045,7.088
27.35,74.18,7.86,1.76,1.997,25.087
18.83,65.7,2.42,103.14,11.196,0.452
25.43,69.08,6.99,19.16,0.438,15.82
29.74,44.32,2.71,770.71,68.72,0.759
25.48,70.02,4.89,0.0,0.0,4.569
22.88,77.75,6.62,0.0,0.941,15.963
19.17,68.67,7.63,3.47,0.0,23.267
19.59,74.7,6.82,10.2,0.0,17.799
34.52,58.96,7.98,734.28,64.534,25.464
21.21,74.33,3.76,12.38,2.318,1.344
18.44,83.61,6.27,0.0,2.831,12.22
19.96,74.9,3.14,0.0,0.0,0.276
23.46,67.11,5.55,0.0,0.0,8.759
35.32,55.61,1.26,654.8,56.451,0.0
16.86,50.41,3.94,22.62,1.518,1.758
41.0,57.13,5.21,955.15,74.298,6.523
29.35,61.64,8.01,372.78,32.225,28.28
22.4,90.32,1.06,0.0,0.541,0.0
28.31,38.03,5.48,604.9,54.299,5.94
25.44,76.29,2.29,223.36,19.415,0.173
23.28,54.97,4.87,0.0,2.861,6.381
18.49,65.18,11.08,0.0,4.747,74.8
19.1,77.94,7.91,21.52,2.018,24.459
24.81,82.12,5.27,0.0,0.0,5.473
23.52,71.7,8.34,266.85,26.123,31.2
32.84,64.86,7.91,752.38,60.602,21.464
28.95,60.44,4.07,492.94,42.154,3.407
18.88,70.8,3.41,0.0,0.827,0.372
28.69,65.23,11.08,1.15,0.0,70.055
19.84,75.79,2.27,91.8,8.411,0.0
20.23,46.91,3.01,29.42,0.004,0.0
20.59,77.6,3.86,0.0,0.113,0.0
18.78,77.28,7.55,0.0,2.246,25.355
20.36,91.51,5.16,22.91,1.006,6.737
22.39,62.68,11.79,0.0,0.0,93.769
29.78,55.85,6.05,516.68,45.242,8.812
20.32,90.32,12.45,3.75,0.0,99.011
18.81,81.62,7.8,16.14,0.0,24.672
26.26,74.31,5.86,167.12,17.417,9.473
20.59,82.82,10.28,0.0,0.0,61.729
30.13,60.7,6.69,750.14,64.952,15.094
26.08,89.31,2.79,0.0,0.82,1.617
27.97,73.7,6.77,322.57,31.619,16.249
28.33,57.27,6.86,178.58,17.88,15.705
34.44,67.54,2.76,611.95,53.047,1.686
24.06,79.24,4.83,0.0,0.0,6.989
22.88,79.08,6.46,0.0,1.851,14.074
20.45,85.14,6.33,3.72,0.0,15.781
22.27,63.06,8.77,6.65,0.0,36.628
19.28,80.83,12.38,6.49,3.347,98.28
16.89,67.62,6.31,0.0,0.721,13.113
24.08,68.58,6.45,0.0,0.791,13.506
29.18,72.7,8.91,456.87,42.506,37.507
31.98,62.41,1.55,379.92,34.379,0.0
26.38,67.73,4.49,252.81,20.959,1.604
29.43,86.46,5.01,347.63,31.983,5.756
21.86,58.43,14.93,294.8,28.347,100.071
18.78,70.47,13.75,0.0,0.0,100.333
14.53,87.57,1.83,8.54,0.0,0.776
29.35,63.84,3.49,548.29,49.215,3.363
21.6,71.28,6.11,11.38,0.0,11.568
21.61,75.21,0.94,155.85,14.782,0.0
26.08,,4.29,198.2,18.175,2.25
22.22,74.1,12.29,121.15,11.506,97.436
25.52,52.94,6.59,405.14,38.868,13.694
30.07,67.21,5.18,0.0,1.244,7.481
26.27,70.08,6.48,311.31,27.669,15.772
20.62,62.69,7.78,0.0,1.74,22.166
20.46,89.3,6.57,6.97,0.243,14.541
23.91,71.52,3.98,170.25,19.836,0.0
31.15,61.76,5.41,783.76,66.704,7.106
36.78,60.1,6.57,975.88,77.027,13.81
21.0,81.58,4.12,11.8,2.825,6.018
32.33,65.19,1.36,333.86,31.295,2.953
21.04,69.74,7.22,0.0,2.403,21.972
28.78,58.44,3.87,414.79,38.834,0.0
33.91,67.0,2.26,584.49,55.817,0.0
33.63,60.93,2.12,561.65,49.219,0.0
26.04,,8.52,0.0,2.093,36.497
23.19,63.86,7.29,150.31,13.534,18.753
31.75,52.67,5.91,860.47,75.063,9.178
12.93,95.11,8.79,0.0,1.356,36.811
23.13,59.98,8.13,0.0,1.665,26.701
31.83,78.95,6.31,485.51,44.564,13.11
30.36,61.49,3.0,415.47,31.447,0.307
30.34,62.98,13.56,583.99,51.947,90.497
36.67,58.28,9.32,778.56,64.819,40.166
19.41,79.01,7.26,11.93,0.424,21.134
29.27,44.06,2.94,718.06,63.617,0.0
29.04,73.01,4.05,479.35,45.185,1.396
19.64,83.76,1.23,26.0,2.96,1.211
25.79,64.33,11.16,9.55,0.0,74.4
29.61,67.36,8.88,529.69,44.624,36.474
23.68,71.95,2.1,0.0,3.066,1.036
20.92,80.75,7.67,0.0,0.0,23.099
26.34,76.67,6.49,197.03,18.309,14.582
21.0,72.74,3.75,328.12,35.483,0.0
27.51,65.3,6.32,188.88,16.66,11.051
23.12,63.14,10.35,16.12,1.04,58.268
17.54,82.67,6.17,0.0,0.464,8.013
25.96,76.15,2.67,288.05,23.686,0.0
23.11,80.19,9.27,147.91,10.726,44.949
25.35,72.01,5.39,0.0,0.0,7.137
18.2,64.53,5.55,0.0,0.0,10.693
21.4,87.14,11.74,15.56,1.784,90.693
25.62,63.51,10.8,413.53,36.506,65.579
21.82,70.34,3.29,16.26,2.472,1.188
26.53,59.44,1.97,235.19,18.045,0.0
29.22,62.66,5.73,519.36,46.814,9.285
28.1,74.04,3.55,267.03,25.541,0.0
24.1,81.43,15.19,90.83,9.375,96.388
22.1,54.35,3.71,0.0,0.0,2.787
33.91,38.95,5.19,768.98,65.74,7.379
31.5,53.45,2.2,915.19,77.854,0.0
21.73,76.54,10.59,0.0,2.468,66.586
31.12,63.01,3.61,645.06,55.667,0.119
21.79,75.22,5.06,18.34,3.758,5.311
23.72,80.01,5.79,0.0,2.274,10.81
26.11,79.78,4.78,186.55,14.105,3.162
33.29,67.57,6.97,804.47,68.213,15.94
27.31,65.46,2.63,445.51,38.951,0.0
22.65,46.51,8.67,247.94,21.159,37.13
16.18,81.57,6.68,4.54,2.039,15.208
18.29,65.08,4.1,10.86,2.038,0.0
36.67,58.04,3.41,820.14,69.628,2.33
16.54,52.86,6.43,6.38,0.0,13.748
33.05,68.0,12.87,354.3,32.469,92.512
21.11,69.59,5.28,0.0,0.0,8.587
25.1,74.53,3.1,10.45,1.169,0.0
20.77,69.14,2.04,301.98,27.601,0.0
20.29,94.03,6.09,24.3,4.464,13.288
36.6,46.19,3.39,856.51,71.785,0.0
28.22,68.82,10.16,248.14,23.67,63.293
21.19,79.39,10.6,16.87,2.122,65.936
17.36,63.26,1.85,0.0,0.0,0.0
25.03,68.56,5.35,414.48,38.692,10.583
26.74,68.63,7.51,13.49,1.914,22.146
29.85,63.03,3.62,618.31,53.218,1.553
23.33,58.08,5.14,0.0,0.806,6.852
22.58,70.76,6.04,12.44,2.951,8.233
19.35,61.8,11.99,0.98,0.894,93.782
31.51,64.39,4.8,512.77,45.166,8.435
24.79,56.7,2.78,221.37,21.628,0.0
20.98,66.47,0.76,0.0,0.0,3.167
27.32,69.23,7.84,432.96,39.456,26.586
24.92,53.25,1.92,623.72,54.737,0.242
31.35,35.76,6.49,952.82,84.725,12.651
24.58,65.56,9.37,6.01,4.46,49.743
30.93,53.7,4.17,637.24,55.302,1.053
31.01,67.0,7.3,711.96,63.603,18.703
23.2,77.5,8.8,0.0,2.916,38.699
20.98,80.42,6.73,2.85,0.0,14.569
23.46,75.47,2.58,13.56,0.0,0.0
20.33,68.89,5.63,0.0,3.034,8.517
25.85,66.01,11.05,0.0,0.0,76.265
20.97,98.23,10.59,0.0,0.0,70.473
24.53,60.06,5.45,258.73,24.81,11.753
16.6,81.3,9.56,0.0,0.0,45.833
26.55,73.48,4.34,100.58,15.529,5.08
27.86,60.1,6.72,690.22,60.448,13.52
28.03,58.98,3.67,427.46,40.082,0.0
29.52,54.95,4.3,0.0,2.584,1.751
22.93,78.86,3.89,0.0,2.575,0.506
29.01,61.37,6.03,143.88,15.862,8.534
19.76,77.28,4.33,7.74,0.0,0.0
33.08,62.24,5.05,417.55,37.327,8.439
20.77,84.53,6.8,8.99,0.0,18.288
23.19,72.27,0.89,8.26,0.661,0.0
36.72,53.08,7.77,628.65,54.664,22.152
20.29,74.01,3.43,0.0,1.483,3.131
23.0,71.55,9.6,0.0,3.591,48.906
17.87,90.55,8.58,0.0,1.423,34.001
35.28,43.64,2.18,940.31,81.466,0.0
23.86,53.53,3.21,206.2,19.95,1.315
23.87,95.61,8.1,1.4,2.703,28.041
17.69,68.43,2.85,18.79,1.908,0.42
31.41,57.41,1.3,650.74,59.793,0.235
21.32,58.75,4.68,7.56,2.364,5.521
24.07,74.99,2.02,32.12,3.907,0.333
26.94,87.8,3.17,253.01,20.324,0.0
22.11,63.8,3.71,0.0,2.187,2.399
22.72,69.28,7.29,15.8,2.31,22.448
28.28,62.2,4.66,601.36,55.435,7.161
31.69,65.7,3.18,271.53,25.644,0.0
19.74,61.51,6.2,7.8,1.754,14.358
19.36,75.04,4.21,0.0,2.601,0.0
21.48,83.93,8.37,0.0,0.0,34.035
35.5,68.21,9.25,664.41,57.971,40.705
20.7,81.71,3.21,0.0,0.0,1.932
20.53,74.68,1.9,15.05,2.641,2.885
22.77,66.48,3.39,0.3,0.532,1.036
16.09,73.42,7.09,0.0,0.0,19.236
21.64,65.48,8.52,175.47,17.246,33.81
19.7,70.75,9.31,0.0,0.0,44.2
18.83,86.12,9.24,5.89,0.0,46.481
19.7,77.73,4.79,130.81,13.465,4.59
24.66,69.58,4.98,0.0,0.537,1.15
21.55,78.82,8.92,0.0,0.0,41.05
25.47,82.37,3.81,182.87,17.987,3.28
21.07,66.61,10.43,0.0,0.0,63.797
26.4,52.52,4.58,260.99,24.055,2.317
30.29,57.39,2.91,481.11,41.445,0.0
19.78,79.86,7.2,0.0,0.0,18.451
24.18,69.65,95.0,2.3,0.0,5.682
18.81,77.22,6.58,35.37,6.049,11.251
26.59,56.6,3.69,268.63,21.984,2.151
28.34,66.67,2.31,191.88,16.168,0.145
31.6,68.03,7.34,386.06,32.933,23.082
27.46,57.0,5.27,0.0,0.517,8.15
27.63,84.2,5.67,214.77,22.312,7.284
23.47,60.05,3.84,0.0,1.006,0.0
19.01,83.78,3.6,25.95,0.367,0.0
17.71,48.93,8.19,22.91,1.476,33.241
15.99,83.14,9.03,5.89,0.0,42.125
28.87,57.66,1.79,475.26,44.472,1.195
23.34,54.28,6.0,0.0,0.0,9.546
27.98,81.01,1.17,0.0,0.0,0.97
35.44,55.21,3.22,844.25,72.636,0.0
19.58,84.56,6.87,1.97,2.721,19.033
23.22,87.08,5.86,0.0,0.0,7.623
29.96,67.94,2.12,671.41,59.291,0.0
24.27,69.53,4.14,20.7,0.0,7.018
28.56,82.58,3.14,277.97,21.453,0.487
34.59,70.1,6.79,573.87,46.301,15.953
19.77,77.53,10.95,0.0,0.0,70.645
25.16,73.9,6.31,0.0,0.0,13.979
21.89,69.68,7.35,326.55,32.119,23.063
28.4,80.35,1.49,129.12,11.736,0.0
22.52,68.41,6.6,0.0,1.976,16.692
31.73,54.7,4.65,869.75,76.411,6.41
21.89,72.06,3.44,454.07,41.738,1.841
20.62,64.2,1.66,15.93,0.0,0.0
26.69,77.75,2.4,0.0,0.0,0.0
25.32,73.48,2.31,254.29,26.827,3.374
23.63,85.84,4.21,0.0,0.0,2.888
31.02,60.34,1.51,596.18,50.047,0.174
28.5,78.25,10.49,185.34,17.576,61.611
23.54,65.19,6.36,0.0,0.0,11.878
17.93,66.65,6.78,0.0,0.258,18.915
24.16,73.99,2.66,4.42,0.0,2.997
28.65,65.36,4.68,109.95,12.32,5.841
24.08,81.45,4.0,79.79,9.343,3.222
28.29,62.62,3.35,334.03,33.258,1.844
35.15,61.98,4.61,305.85,28.138,3.771
32.25,61.21,9.12,505.66,43.532,38.12
23.15,,8.78,34.56,1.294,34.274
22.75,64.42,14.15,0.0,0.0,100.011
32.41,65.52,1.59,515.57,49.872,0.0
26.05,49.62,4.37,0.0,0.0,4.157
16.65,66.04,3.19,0.0,0.322,0.745
22.98,72.76,6.3,0.0,3.037,13.292
27.78,36.63,4.46,490.31,46.11,4.159
19.53,74.35,8.96,0.0,0.0,41.478
24.55,79.75,8.97,218.72,22.119,37.984
20.15,69.5,5.95,161.1,14.874,12.97
25.97,57.98,2.81,784.77,70.342,0.0
26.31,84.37,1.36,70.91,7.769,0.479
32.91,44.89,2.28,810.08,69.305,0.0
14.86,71.75,9.0,12.0,1.588,40.908
27.91,77.61,6.37,345.23,34.908,11.711
26.36,54.75,4.36,0.0,0.0,3.193
29.45,51.74,5.8,688.57,63.993,10.879
29.96,67.24,4.34,264.22,23.333,3.227
25.1,65.92,5.36,18.5,5.411,11.14
23.05,76.89,3.56,297.4,26.347,2.625
32.06,44.55,4.47,912.38,77.598,2.993
22.16,61.83,3.5,0.0,3.017,0.74
17.56,77.79,1.82,11.92,4.293,0.756
27.39,36.96,0.36,779.02,71.511,1.409
18.66,73.98,5.26,0.0,0.0,4.425
18.28,87.18,6.89,6.55,0.812,18.747
21.79,80.96,2.24,0.0,0.002,0.0
28.12,72.75,5.72,170.08,14.306,10.111
25.79,61.56,11.46,159.75,16.743,85.909
30.72,77.18,4.21,329.14,28.39,3.268
22.47,61.99,3.87,14.07,0.0,0.0
31.9,59.0,1.0,683.34,56.678,0.0
29.62,69.78,5.36,493.65,47.867,8.226
22.47,57.72,4.05,0.0,0.0,0.0
26.12,90.89,1.67,1.62,0.0,1.22
22.94,62.88,11.26,455.99,40.623,82.017
19.07,88.33,8.07,139.98,16.286,31.178
23.89,78.42,4.63,39.27,1.045,3.637
21.26,80.55,6.09,2.73,0.0,12.313
21.22,72.1,10.02,228.62,21.357,56.728
19.87,86.45,2.08,0.0,0.0,0.0
19.06,74.76,3.11,15.3,2.837,1.675
28.54,73.42,7.57,264.1,23.175,25.582
23.72,84.29,4.19,11.51,4.203,4.03
34.63,59.92,5.72,429.65,37.134,7.833
18.76,73.31,5.39,15.51,0.0,9.009
20.33,64.72,3.69,185.63,15.923,3.926
25.13,73.42,2.49,487.85,43.129,2.332
27.28,72.94,5.75,0.0,0.0,11.257
29.89,68.55,1.62,491.44,45.752,0.0
23.1,,9.33,0.0,0.0,45.757
28.71,55.24,2.22,444.67,40.663,1.291
29.58,42.72,3.64,532.64,46.719,3.254
27.77,54.55,5.51,732.32,62.869,8.941
23.18,81.19,3.57,12.41,3.421,4.163
22.76,62.34,3.19,0.0,3.206,0.0
17.5,73.37,2.35,0.0,2.538,1.117
24.94,62.5,1.59,0.0,0.0,0.958
28.14,82.13,1.78,328.38,27.417,1.805
33.58,50.22,7.38,975.19,86.041,23.79
21.54,87.91,4.07,0.0,0.0,0.546
25.39,63.44,6.28,0.0,0.0,15.526
28.26,62.36,10.48,408.89,39.828,64.854
19.46,68.32,9.13,0.0,0.135,42.153
27.96,90.58,2.47,276.78,26.5,0.0
21.4,84.32,11.1,0.0,0.0,77.525
33.01,74.95,6.32,743.15,62.827,13.043
28.82,57.91,11.57,221.84,22.848,86.155
19.27,90.22,8.74,6.28,0.0,35.887
23.68,75.49,7.29,0.0,2.47,21.79
20.35,69.13,13.14,212.3,17.959,97.366
29.6,59.25,8.92,428.24,38.997,40.607
21.1,75.76,3.07,16.05,4.87,3.534
28.06,65.19,10.89,136.97,10.734,69.429
22.09,71.04,8.89,0.0,0.543,38.922
31.86,50.17,2.04,573.51,52.579,1.944
25.79,55.1,2.47,762.18,68.356,0.552
26.28,80.61,8.52,287.89,26.249,30.802
20.83,68.31,2.58,0.0,0.0,1.73
30.64,67.0,6.12,107.6,10.547,10.071
18.81,64.76,1.67,0.0,0.0,0.401
21.23,82.64,0.87,40.44,1.073,0.0
26.63,70.55,7.56,248.86,25.594,24.523
20.47,56.53,5.2,212.55,18.999,5.717
20.55,88.49,4.81,0.0,0.0,6.649
22.83,74.84,2.74,7.92,0.0,0.0
25.08,62.31,5.02,168.35,14.41,4.687
15.6,56.9,2.84,0.0,0.0,0.824
18.8,88.04,10.48,0.0,0.0,63.002
26.41,65.12,2.33,0.0,0.896,3.596
24.28,81.14,5.73,0.0,2.762,9.564
36.14,42.06,6.5,943.6,79.552,12.448
18.07,79.51,5.41,0.0,0.0,6.837
27.24,63.82,1.38,0.0,0.0,0.035
30.63,56.62,7.33,725.57,64.188,22.438
25.68,76.32,1.12,0.0,0.0,0.0
28.24,63.4,10.15,419.83,36.123,56.495
25.6,53.09,4.67,881.56,74.502,4.161
26.54,62.48,6.35,0.0,0.231,16.009
29.32,65.13,4.58,593.53,57.337,5.884
21.65,77.27,3.4,0.0,0.0,3.885
18.92,54.9,7.67,0.0,1.633,24.687
34.21,52.19,4.49,464.99,40.653,6.353
26.02,68.85,5.2,419.78,36.135,8.946
26.36,,10.08,4.58,3.574,57.808
21.19,66.45,2.47,0.0,4.32,1.554
24.97,54.77,12.79,430.27,41.152,95.467
27.41,58.38,5.09,0.0,0.725,9.582
22.83,54.26,3.35,6.9,0.812,0.111
23.69,56.19,7.88,2.42,0.0,27.554
27.62,63.24,9.87,772.31,68.658,53.956
19.02,82.52,2.97,0.11,1.363,0.0
21.96,84.82,2.54,0.0,3.327,0.0
27.31,55.67,11.75,695.67,61.28,90.427
22.41,79.03,3.95,142.12,13.931,1.745
20.47,70.12,7.3,6.52,0.47,20.795
28.68,55.19,7.94,328.15,32.711,29.594
33.86,61.37,0.25,562.9,54.43,0.0
24.24,70.96,7.78,176.75,19.041,22.758
20.72,63.07,2.52,3.94,1.99,0.0
32.08,70.62,5.48,20.75,3.777,9.105
30.44,51.06,4.77,765.17,69.761,6.228
19.92,87.31,6.94,12.2,6.025,19.013
27.07,88.1,6.19,288.86,23.211,13.686
22.73,63.03,13.12,4.0,1.595,97.899
22.4,69.64,5.62,0.0,0.0,7.604
25.24,68.69,9.21,2.93,2.189,40.931
23.25,85.26,4.15,18.11,2.856,0.012
27.34,74.5,5.62,159.09,13.936,8.026
27.05,77.66,3.06,11.22,0.0,1.672
23.59,80.7,1.49,88.39,8.48,0.474
21.23,79.11,4.02,0.0,0.446,2.228
24.71,71.67,5.76,0.0,0.0,7.232
18.02,77.0,9.83,0.0,0.0,58.908
38.08,47.21,4.81,600.95,50.521,2.934
21.13,64.56,1.77,0.0,0.0,0.241
22.35,60.1,1.76,0.46,0.0,2.006
25.82,67.86,3.32,485.47,46.163,0.622
20.27,76.66,4.38,0.0,0.0,1.681
32.62,71.05,4.88,391.7,31.787,6.554
29.13,55.14,0.55,0.0,0.353,0.0
22.97,60.47,5.47,172.95,17.626,11.316
23.73,70.28,10.75,27.73,5.947,69.867
20.78,84.98,7.21,15.15,3.339,19.494
26.3,77.37,4.49,8.62,0.0,0.764
30.05,71.46,4.39,5.71,3.397,0.904
34.26,64.51,3.9,616.85,50.986,1.681
27.01,67.66,5.31,387.86,35.913,10.69
21.62,93.59,2.53,12.03,2.674,0.466
24.94,58.72,3.87,0.0,2.917,2.46
20.32,90.39,10.74,0.0,3.778,70.772
24.1,59.71,5.79,404.02,40.53,14.257
26.81,55.95,1.66,444.36,40.94,0.0
27.28,65.76,0.66,0.0,1.159,3.131
25.77,83.57,3.08,6.43,1.067,0.0
23.09,70.52,3.52,127.72,10.946,0.0
31.33,76.25,1.86,585.35,51.175,0.0
33.0,45.63,2.24,587.6,56.094,0.0
15.57,71.14,3.2,0.0,1.292,1.468
25.14,76.01,1.96,202.11,23.26,0.0
28.22,68.51,3.52,0.0,0.0,1.228
22.35,70.56,5.55,0.0,0.0,7.048
17.45,80.83,7.03,0.0,0.831,17.225
23.39,61.81,3.54,16.96,3.159,0.0
29.97,71.67,5.8,244.45,22.42,8.693
15.24,69.23,6.02,20.59,3.685,10.166
21.43,74.06,3.11,26.75,4.217,0.0
22.43,61.95,8.48,0.0,0.0,30.087
17.92,62.05,6.42,0.0,1.507,14.016
31.11,53.7,3.3,615.45,57.034,0.0
21.49,79.23,7.55,0.0,0.592,19.929
29.22,85.26,7.75,336.84,26.924,23.502
18.97,93.42,2.34,0.0,0.0,0.0
22.84,62.75,1.5,231.79,23.197,0.082
24.91,54.58,6.1,582.64,51.847,10.258
28.29,57.98,11.57,636.16,58.925,82.603
33.36,70.77,7.57,638.23,56.863,20.747
22.72,54.1,8.77,7.41,1.008,33.59
29.06,68.84,9.88,341.02,31.446,54.832
17.8,85.14,1.76,0.0,0.386,2.596
31.8,41.37,95.0,994.29,84.759,6.336
24.39,74.76,4.18,12.31,0.0,1.432
23.04,78.47,5.91,14.95,0.598,12.849
23.06,57.29,4.52,165.53,16.271,4.557
23.44,55.3,1.27,783.8,73.46,0.0
20.39,65.0,2.96,8.76,2.258,0.0
20.91,73.62,2.2,0.0,2.945,0.0
29.22,60.39,8.09,812.91,68.004,28.349
19.74,82.1,4.27,0.0,0.0,3.667
29.66,63.62,4.46,375.86,38.672,3.44
26.03,72.04,5.33,289.06,25.586,6.337
24.91,63.48,95.0,18.88,0.324,16.927
18.29,79.1,7.98,68.16,6.182,27.712
24.93,54.09,4.42,226.17,25.798,3.04
17.73,71.11,9.22,0.0,0.0,43.711
21.52,72.97,3.73,11.92,2.29,1.198
27.83,66.56,4.43,645.61,58.362,0.632
26.65,81.17,3.98,0.0,0.0,0.028
30.87,66.78,1.12,391.86,35.612,4.892
34.76,52.08,7.67,795.5,67.08,20.084
22.37,59.29,5.43,0.0,1.356,8.189
21.62,54.94,0.32,168.68,20.033,0.685
17.75,67.15,11.07,0.0,0.0,79.488
21.39,86.23,4.65,16.9,0.959,4.949
34.29,58.51,4.14,374.63,38.913,6.208
23.01,65.35,3.31,0.0,0.0,1.017
22.31,74.7,6.66,137.03,10.561,18.066
20.71,73.74,6.74,1.14,2.868,18.195
22.97,72.94,4.8,10.05,0.884,7.846
27.88,74.25,6.09,6.03,1.146,11.216
24.62,72.88,4.35,0.0,4.463,3.938
23.51,75.7,2.67,0.0,0.0,0.0
21.71,82.18,5.57,12.47,0.828,8.685
22.97,60.75,7.6,17.44,0.0,23.997
23.47,74.6,5.39,16.26,2.258,3.24
22.4,56.53,3.65,0.0,0.0,0.957
18.8,70.72,4.34,19.57,0.0,4.953
23.63,96.6,5.7,0.0,1.465,6.343
28.0,59.53,14.67,435.64,40.147,93.71
33.18,58.75,1.29,625.69,52.484,2.311
37.44,52.24,3.89,943.14,75.794,4.433
25.44,67.73,3.67,8.11,1.206,0.024
21.12,79.13,5.4,0.0,0.0,7.84
40.32,58.43,4.57,621.0,53.33,3.531
23.2,74.14,5.31,2.1,2.885,9.385
27.42,46.08,6.03,678.89,62.735,9.739
23.74,87.43,7.19,121.87,10.366,18.877
27.65,53.46,8.63,6.15,1.151,37.396
25.91,66.52,11.85,438.95,38.042,90.837
20.61,54.3,4.58,0.0,0.273,2.998
27.04,53.31,1.4,12.71,0.591,0.266
20.45,87.46,5.17,0.0,0.0,9.478
32.66,58.4,6.47,1022.66,86.555,11.091
32.31,77.44,1.79,406.07,32.364,0.0
28.64,46.01,1.78,700.69,60.481,1.185
16.61,70.24,8.96,0.0,0.0,41.917
16.75,81.96,2.93,0.0,0.0,0.423
22.85,83.83,5.19,0.0,2.599,6.232
24.68,54.22,2.23,26.56,4.129,0.259
19.11,72.96,5.81,2.15,0.425,6.771
16.56,75.7,4.64,0.0,0.116,4.475
22.22,79.33,10.72,0.0,0.0,71.998
26.25,,6.04,0.0,2.744,8.287
18.24,80.59,7.44,0.0,0.0,20.837
30.06,55.02,9.42,840.22,74.504,44.393
25.58,76.7,2.55,433.6,38.783,0.0
19.88,71.26,4.69,0.0,1.006,8.077
32.66,61.61,11.03,840.51,72.752,70.975
28.13,63.61,7.1,15.42,2.957,16.355
22.35,83.72,6.01,24.34,5.534,12.437
22.63,53.86,5.88,0.0,0.0,8.799
27.58,76.07,8.88,159.35,17.03,39.505
27.77,74.48,3.44,214.41,19.955,0.38
20.81,74.68,6.38,2.19,0.0,14.312
27.51,84.59,8.12,0.0,4.068,25.505
25.49,53.79,4.2,247.05,25.063,3.569
30.12,65.0,8.9,371.54,33.208,38.306
25.34,72.73,11.99,0.0,1.915,95.679
23.08,76.01,5.44,23.89,2.239,5.209
36.07,60.35,2.8,816.86,68.056,0.434
21.85,74.95,6.12,133.23,11.695,13.045
23.19,77.51,4.03,0.0,0.609,1.123
30.09,77.38,6.28,342.05,29.916,11.319
29.39,79.54,7.71,177.56,16.837,25.755
27.03,68.37,14.73,383.52,37.226,99.413
22.2,65.33,2.11,119.03,11.847,1.879
24.17,80.28,8.84,4.12,4.353,38.317
21.42,86.34,6.21,0.0,0.026,11.719
18.96,71.24,9.3,13.67,4.061,45.097
24.5,91.52,6.61,0.0,1.953,12.216
27.59,65.25,7.01,189.61,21.014,17.594
26.29,69.53,4.44,305.34,32.511,5.654
26.04,78.25,7.9,349.38,28.785,26.463
24.28,,7.95,28.47,3.306,25.85
29.64,62.63,4.39,413.98,37.651,1.794
15.31,82.94,7.23,0.0,0.223,20.519
29.75,79.66,6.79,452.01,39.766,13.543
27.56,56.09,6.83,224.7,20.268,14.587
15.62,74.25,5.31,2.43,0.0,10.268
27.5,64.26,1.91,362.83,33.869,0.0
25.92,76.63,3.47,151.53,16.255,0.0
24.38,90.35,12.63,76.69,6.323,97.43
22.46,82.17,5.36,8.34,0.156,6.388
22.74,78.52,11.22,121.81,10.343,79.448
18.08,79.62,5.43,8.06,0.0,9.451
17.31,62.92,6.34,0.0,0.0,10.199
23.85,91.49,4.59,6.89,1.35,5.494
33.03,62.47,5.84,730.24,65.638,8.384
27.08,59.18,9.99,1.03,0.0,54.087
17.93,93.16,6.94,11.92,1.111,21.755
22.95,74.95,7.2,0.0,2.356,17.003
18.28,67.36,7.98,0.0,0.0,29.141
23.19,68.45,2.69,242.76,25.738,2.256
27.01,72.69,1.09,303.22,27.339,0.0
24.7,64.24,6.31,0.0,1.423,11.399
27.89,73.24,9.55,0.0,0.0,46.712
22.74,68.16,3.69,19.65,2.851,0.0
28.21,60.73,13.5,590.15,56.4,95.751
19.46,,4.0,15.44,1.275,3.936
19.89,66.84,1.89,4.53,2.445,0.0
29.8,54.11,3.06,0.0,0.549,1.942
22.52,90.31,10.62,2.01,0.0,69.955
24.78,58.77,3.2,10.94,0.786,1.194
19.68,94.42,1.18,17.9,1.329,1.051
32.25,53.89,3.12,884.78,72.844,0.0
23.61,64.16,3.39,0.0,0.918,0.0
27.78,63.99,6.61,324.77,31.574,15.887
29.6,46.54,4.66,646.19,59.739,5.728
27.56,60.87,10.74,568.55,54.379,68.678
21.6,56.01,9.71,26.93,4.594,52.842
31.75,61.18,5.0,777.15,66.005,4.358
19.75,68.74,8.6,0.0,0.0,36.251
23.55,64.35,9.23,0.0,1.678,46.369
23.77,70.86,5.36,15.42,2.288,8.554
27.23,74.13,1.55,346.48,31.964,2.686
30.31,60.49,5.0,944.95,78.685,8.186
22.95,63.44,1.26,0.0,0.0,0.0
27.52,68.35,11.75,419.73,39.707,91.269
23.44,59.31,5.02,9.31,0.0,4.421
26.41,66.83,6.43,17.89,0.0,11.325
21.77,56.2,8.94,235.54,24.279,38.96
30.52,56.63,7.76,0.01,0.0,28.081
29.68,59.83,0.54,573.61,52.445,0.0
32.87,54.66,6.01,830.66,74.476,6.999
20.65,66.85,4.55,0.0,0.0,0.981
25.78,86.33,12.53,55.65,1.967,97.352
24.45,77.1,7.81,143.51,13.163,24.035
28.32,53.67,1.35,583.57,51.54,0.0
21.03,69.28,5.61,0.0,0.0,5.803
21.34,64.26,4.31,0.0,1.076,3.382
21.88,85.66,6.15,9.3,1.56,13.389
21.31,77.78,2.14,25.73,2.617,0.0
23.38,64.79,4.56,0.0,2.116,5.188
29.16,56.21,4.79,765.88,68.73,6.464
20.03,83.23,9.12,0.0,0.0,40.745
19.14,84.81,3.77,11.49,2.402,1.307
21.85,82.64,4.09,0.0,0.0,1.19
25.56,57.15,7.44,0.0,2.127,22.857
24.09,80.78,10.79,10.75,1.087,68.731
23.37,61.73,4.88,14.35,0.0,2.654
30.2,56.29,7.1,420.09,37.676,18.548
27.62,72.69,3.64,258.54,26.208,3.409
16.95,72.9,4.32,4.05,0.0,4.147
31.71,45.87,8.98,902.24,78.487,40.798
29.56,63.54,5.52,561.94,52.171,9.765
25.61,62.57,3.49,482.77,44.592,0.954
19.05,79.83,4.57,13.87,0.0,2.756
27.54,73.39,7.29,376.12,34.455,18.555
26.1,61.38,0.21,359.36,30.824,0.0
23.1,80.52,4.62,225.73,20.438,6.475
28.01,63.68,11.19,6.88,0.0,76.622
26.66,62.64,7.81,736.3,65.335,21.934
23.31,61.9,8.58,15.6,0.0,36.98
19.38,53.22,1.06,6.98,0.873,0.189
21.43,65.46,5.81,169.73,18.792,11.647
22.84,59.36,9.63,4.65,2.853,49.043
20.59,70.73,7.15,10.47,0.0,17.948
32.99,43.57,2.15,784.39,67.022,0.891
27.74,55.09,9.98,0.0,1.706,55.434
32.03,73.18,6.27,340.14,32.237,11.651
23.3,87.39,2.25,4.41,0.0,2.627
19.67,64.71,11.48,7.82,0.0,87.902
20.23,71.13,16.93,17.32,1.882,99.347
22.45,65.64,2.8,4.63,0.0,0.0
27.13,84.24,6.06,119.22,12.288,8.525
36.87,70.16,4.77,734.19,64.1,6.835
33.86,55.72,4.95,660.74,56.98,0.828
31.24,55.1,9.85,491.74,41.662,51.552
28.47,77.98,5.65,0.0,2.825,8.906
21.37,81.37,2.12,14.51,1.86,0.0
21.25,69.93,6.86,4.15,1.829,16.96
23.55,77.37,4.68,4.56,0.0,5.156
24.71,78.5,6.7,319.79,27.205,14.391
27.15,75.77,4.44,242.11,23.461,5.188
17.22,54.36,11.37,0.0,2.055,85.3
24.24,66.18,5.46,275.21,23.878,7.373
30.75,55.96,3.4,677.7,59.723,0.0
24.93,65.99,8.97,16.88,0.0,39.276
29.73,69.65,5.94,323.93,28.394,14.441
18.01,81.08,6.0,0.0,0.0,9.506
26.32,71.05,8.19,6.35,1.593,32.634
22.67,77.55,4.18,0.68,0.0,0.0
27.85,63.69,7.68,354.27,35.523,22.296
17.65,72.2,3.57,0.0,0.0,0.0
21.6,69.31,5.72,8.81,3.46,11.086
25.96,61.29,2.16,0.0,1.397,0.111
24.16,,2.54,0.0,1.705,2.62
22.61,69.56,7.75,0.0,4.041,24.489
24.01,76.28,7.97,31.67,1.513,27.264
18.28,61.51,8.78,0.0,0.271,37.066
25.04,86.35,1.46,209.93,17.721,4.053
35.93,49.26,1.92,783.96,66.887,0.0
24.81,95.69,6.27,0.0,1.44,11.487
22.35,72.33,7.25,79.72,10.028,18.308
32.79,75.55,1.37,416.46,36.414,1.147
19.45,61.95,6.3,10.87,0.0,10.604
26.07,67.27,13.2,527.06,48.221,99.945
33.59,67.36,11.74,410.41,35.081,87.986
30.07,56.86,5.05,457.47,40.581,6.508
31.54,31.34,5.08,900.78,79.329,6.714
22.05,91.23,5.24,0.0,0.971,6.675
21.74,71.57,4.45,160.82,17.246,3.771
30.12,36.06,1.27,572.82,51.496,0.169
24.47,75.14,3.19,127.7,14.265,1.342
32.78,57.27,2.78,923.84,78.201,0.0
19.17,62.69,10.94,0.0,0.0,72.405
21.58,,5.17,1.05,0.0,8.022
30.07,56.66,6.82,782.56,64.217,16.239
26.42,76.09,7.37,455.22,38.415,17.141
26.16,71.05,2.7,15.69,1.951,0.0
29.24,79.62,7.71,2.28,0.0,27.233
26.16,91.95,2.61,20.24,0.0,0.0
29.08,61.75,4.95,376.83,33.911,4.205
22.26,53.35,3.32,0.0,0.56,0.0
20.15,80.92,4.57,6.87,1.507,2.818
22.23,82.86,6.78,10.05,0.923,14.007
29.01,67.52,8.12,480.44,43.401,29.399
27.76,66.31,3.79,0.0,0.0,1.637
17.37,70.19,1.97,1.5,1.419,0.0
20.56,80.21,9.01,0.0,0.0,39.07
33.36,54.37,1.14,746.81,64.585,3.053
22.89,67.21,1.64,208.91,22.172,0.0
27.96,88.7,6.16,385.83,36.508,10.204
24.64,55.23,5.36,0.0,0.0,6.714
28.27,65.69,8.55,2.02,0.0,33.389
19.97,75.57,0.5,21.44,1.45,0.964
18.12,61.68,4.19,0.0,0.0,4.572
25.06,76.37,6.07,377.44,37.171,12.882
15.91,90.8,3.69,0.0,0.0,6.213
21.49,48.37,1.72,227.05,23.965,0.0
20.3,70.62,8.51,3.67,0.448,34.538
25.58,71.07,14.25,0.0,2.783,95.417
27.97,61.55,6.33,512.34,47.716,16.782
28.53,62.39,6.35,458.94,43.778,13.19
23.8,86.53,6.1,213.79,18.97,7.329
26.05,70.14,4.64,138.04,10.621,4.999
32.47,61.67,8.77,359.78,33.067,36.41
25.17,72.5,12.47,234.32,18.331,98.105
37.61,49.24,5.51,903.06,74.469,6.207
30.06,65.01,4.21,271.25,22.8,3.321
28.41,61.69,4.13,426.78,37.539,1.906
29.55,,2.66,448.13,41.898,0.0
21.48,86.28,3.49,4.13,1.463,1.574
35.34,73.66,3.27,548.36,47.318,0.745
32.5,63.23,7.59,643.43,57.017,24.874
24.53,63.02,4.69,0.0,0.0,4.379
29.1,58.38,1.17,519.67,52.023,1.208
32.93,66.94,2.98,544.95,48.744,0.0
20.27,64.42,4.92,2.8,0.0,8.115
21.49,77.06,3.78,0.0,1.751,0.0
34.57,73.2,0.88,249.92,25.147,1.806
21.26,67.02,8.35,511.53,46.175,32.451
29.18,57.27,1.95,487.61,41.632,0.273
29.39,62.73,10.14,482.49,41.356,58.462
23.29,53.74,5.94,0.0,0.0,6.126
23.09,,2.84,0.0,0.0,0.0
24.88,74.96,14.13,172.66,13.185,98.177
22.92,58.66,6.82,26.14,1.752,20.446
25.89,53.54,10.03,187.77,17.673,55.627
24.42,80.66,10.43,264.26,25.465,58.155
28.83,60.18,3.36,15.85,2.756,0.0
23.75,80.22,4.37,115.06,11.841,3.094
22.04,86.84,5.43,0.0,3.584,9.878
19.65,74.66,8.35,2.12,2.399,32.253
25.26,61.76,4.28,48.9,5.215,0.363
22.73,84.82,7.02,0.0,0.0,20.222
23.98,78.58,3.88,19.14,0.507,2.927
17.92,85.03,1.48,7.84,0.0,0.0
29.89,36.77,1.39,864.45,76.094,1.44
26.32,94.13,4.35,1.7,0.824,2.027
27.54,53.01,4.82,555.77,52.558,4.179
25.86,51.79,6.79,11.59,1.677,15.166
24.57,68.11,7.1,388.82,38.408,18.204
23.2,87.51,2.45,23.02,4.373,1.814
29.37,58.88,4.71,756.87,64.414,0.78
20.38,59.98,4.27,10.16,0.0,5.153
21.11,75.34,95.0,0.0,0.0,0.353
20.42,71.67,2.39,0.0,0.0,0.0
30.54,58.88,12.1,350.57,31.824,94.925
30.18,78.81,1.72,432.41,39.459,0.0
18.97,72.68,9.17,0.0,0.0,39.814
31.77,64.48,9.79,822.14,70.468,48.923
28.18,57.07,16.89,855.42,72.754,91.835
24.08,90.7,1.32,8.65,1.845,0.0
23.22,77.89,3.78,0.0,0.867,0.0
21.01,78.37,3.48,0.0,0.0,3.318
23.18,75.97,7.75,4.5,0.0,22.508
35.57,62.78,7.22,532.8,49.213,19.126
21.78,77.33,5.94,6.65,4.149,12.745
18.85,50.9,5.75,9.03,1.385,11.138
23.67,72.36,3.33,16.38,0.877,0.0
24.24,69.13,10.31,328.99,33.054,60.309
25.84,66.58,7.15,312.93,30.316,19.516
27.13,66.84,1.68,279.05,25.737,4.224
20.18,77.95,2.65,0.0,1.936,0.826
23.19,56.36,4.75,12.97,0.0,5.901
25.75,67.51,12.8,14.6,0.039,100.935
25.31,72.22,12.97,20.98,2.763,97.1
24.62,77.52,3.15,6.38,0.848,2.538
25.13,82.67,12.17,149.94,15.489,97.56
22.7,76.84,3.45,116.32,13.622,1.729
15.83,73.6,4.99,0.0,0.0,3.79
24.77,75.19,8.93,149.85,14.392,36.663
14.35,73.55,5.5,0.0,3.802,7.163
16.58,69.15,3.81,7.59,0.0,3.415
21.91,67.79,14.1,10.18,0.0,99.328
24.08,69.02,5.45,0.0,0.0,10.333
20.99,71.2,9.12,0.0,0.203,42.132
33.25,64.66,5.33,378.18,35.327,7.938
21.75,80.95,5.38,4.36,1.584,8.47
25.38,57.63,4.33,268.69,23.521,2.872
26.96,66.01,5.22,0.0,0.0,5.839
33.76,68.41,1.5,439.16,39.595,0.0
22.58,92.97,2.47,14.01,1.457,0.0
26.71,72.02,4.85,508.93,44.032,4.694
19.04,72.39,5.79,24.51,2.592,11.942
19.37,63.46,4.14,14.49,0.0,5.019
26.16,59.44,9.32,254.44,20.424,44.592
20.36,61.23,13.7,0.0,1.363,102.301
31.08,52.91,9.72,868.72,75.201,50.001
29.06,70.48,2.46,302.29,29.127,2.066
16.35,85.61,3.94,0.0,0.0,1.808
19.11,63.54,7.08,0.0,1.253,16.75
20.76,73.45,2.27,46.89,6.66,0.0
24.59,47.05,4.84,182.42,21.28,7.848
29.11,65.46,3.56,659.09,60.027,0.494
29.0,65.85,10.62,618.85,55.904,64.66
27.95,58.32,1.27,517.33,44.449,0.0
28.11,49.32,9.33,910.26,79.143,43.375
19.29,83.0,5.29,21.11,0.0,9.417
22.55,65.2,4.62,3.72,0.0,7.884
20.14,82.02,8.76,18.81,5.759,37.343
28.91,69.18,2.18,330.06,28.409,1.081
24.76,78.04,0.79,2.44,0.0,1.944
25.7,56.81,3.97,4.31,2.05,2.238
18.3,100.0,3.65,20.74,0.676,0.0
21.92,76.51,1.24,331.14,32.801,0.0
33.09,73.75,5.17,447.29,37.437,6.976
34.06,42.26,4.87,983.52,82.176,5.653
22.35,71.66,1.21,179.57,19.702,0.0
25.14,74.88,3.81,125.9,9.403,0.727
25.99,62.61,2.74,99.26,9.253,0.0
28.1,55.55,6.86,0.0,0.583,18.438
26.15,77.24,1.1,205.38,17.905,0.0
24.53,75.49,5.79,12.46,1.695,8.615
26.27,51.68,4.61,666.93,60.477,3.018
22.72,75.97,7.01,8.02,1.854,19.764
22.04,58.88,1.17,28.92,6.557,1.938
23.26,67.42,5.67,7.54,6.092,9.858
26.29,70.71,3.82,4.53,1.366,3.834
23.02,74.92,9.87,3.61,0.132,55.916
20.21,52.36,3.31,0.0,0.882,0.0
25.22,64.76,7.08,428.38,39.33,19.759
26.6,60.83,7.64,0.0,0.0,22.945
29.83,63.41,3.98,422.91,38.498,0.0
23.13,79.64,4.88,0.34,2.198,4.469
22.08,71.47,12.72,0.0,0.0,99.063
22.08,71.19,5.39,0.0,0.0,10.349
21.82,71.37,6.04,211.19,19.165,8.443
23.71,67.61,6.94,16.56,2.369,18.732
26.24,67.56,5.29,617.41,60.361,10.759
20.53,73.88,3.38,0.0,0.0,4.332
19.66,51.28,6.73,0.0,0.182,9.128
12.87,75.66,10.04,10.57,1.087,62.642
27.31,69.16,7.01,303.79,27.711,19.837
17.92,78.94,8.63,0.0,0.0,31.263
29.3,58.34,5.2,650.78,57.084,4.813
27.59,58.91,10.38,345.09,37.714,63.937
27.73,,2.21,14.45,2.891,0.721
28.71,80.61,6.95,215.59,19.097,16.191
24.1,68.54,1.02,0.0,2.367,0.133
24.36,62.22,4.2,29.79,3.437,3.773
24.85,78.99,7.11,0.1,0.125,17.731
26.62,56.15,10.0,217.45,20.401,54.737
22.08,72.3,4.58,0.0,0.0,5.761
24.21,70.93,3.84,10.35,0.0,0.275
24.53,58.23,3.11,784.08,66.793,0.0
28.24,70.06,4.45,0.0,0.741,2.15
27.54,89.46,3.55,68.17,6.043,0.0
25.98,77.17,4.06,193.78,20.045,1.048
26.77,63.08,7.85,644.64,56.152,22.346
35.48,59.29,7.13,774.45,63.772,18.855
23.53,67.77,2.72,234.67,23.987,1.735
22.09,83.89,3.15,22.76,1.625,0.0
19.64,60.69,4.96,120.55,13.65,4.21
28.39,83.02,9.77,14.91,1.484,50.503
18.48,80.36,5.27,96.07,13.187,5.108
23.72,68.52,5.25,1.75,1.683,8.664
14.9,73.81,9.94,11.25,1.957,54.436
23.01,50.8,3.45,27.6,4.349,0.0
22.24,44.78,9.18,0.0,0.0,41.276
25.55,64.09,13.21,0.0,0.0,98.483
21.17,73.82,12.23,0.0,0.722,97.44
23.65,93.91,9.53,14.92,5.316,51.858
21.96,67.93,3.61,212.87,15.952,1.868
28.89,61.95,15.61,380.77,36.054,97.717
20.22,72.45,7.5,0.0,0.0,22.192
31.51,77.93,3.54,471.93,41.932,0.0
29.22,63.86,5.1,276.43,25.917,5.865
33.53,77.01,3.27,693.06,60.858,0.0
29.61,77.68,10.84,503.16,45.374,65.689
34.34,71.1,3.41,871.44,75.662,2.72
20.2,69.94,5.02,15.21,3.843,5.8
29.44,70.6,7.35,299.74,27.276,19.301
31.43,69.71,7.71,330.9,32.379,24.757
17.59,,9.36,2.39,0.0,46.264
29.1,55.2,3.38,426.82,38.342,3.465
24.09,63.31,4.75,6.88,0.0,5.429
25.52,75.65,5.03,0.0,2.624,5.357
25.03,60.99,9.09,5.6,0.0,42.578
21.27,88.87,8.82,11.87,0.0,37.821
31.46,61.15,5.1,527.01,48.277,6.226
18.64,80.45,4.21,6.24,0.0,5.232
21.83,74.14,7.41,0.0,0.0,19.461
17.47,86.01,12.71,0.0,0.0,97.424
27.85,65.51,8.59,0.0,0.0,33.355
28.4,67.17,4.03,366.42,39.238,1.624
27.05,60.31,4.93,439.33,43.912,7.539
22.29,83.98,5.47,0.0,1.398,5.031
26.73,74.8,5.27,0.0,0.483,6.67
23.55,66.5,3.77,0.0,2.258,0.41
21.0,75.44,3.56,0.0,0.487,4.434
12.22,69.28,9.17,0.0,1.632,45.965
21.25,89.35,8.22,34.8,4.496,30.875
25.58,66.84,12.95,452.19,42.001,98.397
22.66,79.53,7.44,0.0,1.881,19.427
24.47,73.23,7.43,2.25,0.0,25.852
24.21,71.64,8.48,0.0,0.117,31.518
26.61,80.58,13.42,0.0,0.0,98.64
27.27,72.4,3.73,106.7,8.438,2.496
28.34,55.22,3.61,0.0,0.0,1.65
32.96,61.61,1.11,381.46,35.49,2.43
27.45,,8.69,3.79,1.834,37.446
28.65,70.66,7.84,265.45,26.862,25.791
19.22,69.58,10.13,0.0,0.0,57.754
36.86,53.16,4.1,582.13,51.723,2.532
29.75,79.27,6.81,339.59,30.925,15.969
35.71,55.12,8.97,797.59,69.351,38.755
27.27,59.64,1.61,493.22,43.931,2.041
24.03,78.0,3.67,9.74,0.274,2.214
16.03,75.13,8.28,0.0,0.0,32.039
22.13,53.01,5.09,0.0,0.0,4.716
21.76,85.41,8.4,0.0,0.006,33.115
24.41,73.77,8.29,0.0,0.348,27.455
26.27,65.72,5.59,24.91,0.0,6.77
23.01,67.11,6.15,248.34,22.742,12.946
29.0,61.68,5.39,371.3,34.598,9.023
35.1,60.58,13.74,751.71,67.093,93.438
30.91,56.45,3.53,0.0,0.0,1.351
23.63,83.26,5.97,1.14,1.091,11.37
20.11,70.01,8.72,8.3,0.0,38.041
19.9,61.36,3.82,1.73,0.0,1.264
32.72,68.36,5.32,386.53,33.102,4.889
27.22,85.21,1.57,152.75,12.234,0.774
30.3,58.33,6.49,552.49,48.726,17.655
17.49,76.32,7.17,0.0,2.096,18.034
19.35,63.77,6.98,5.24,0.0,17.861
29.56,43.0,2.77,435.69,38.578,0.0
21.81,74.31,3.26,10.03,1.405,5.265
14.5,89.53,4.45,5.23,0.534,1.677
28.62,75.6,7.56,233.79,21.61,22.402
26.19,52.66,7.87,730.9,66.167,25.325
26.82,68.21,6.71,22.43,0.152,13.05
23.98,64.19,8.12,0.0,0.0,26.419
27.74,65.58,8.01,546.65,51.418,28.522
25.64,55.43,5.23,13.98,1.083,8.019
22.53,75.01,5.81,0.0,1.193,8.558
27.22,65.74,6.25,0.0,2.448,15.095
20.56,72.06,4.01,7.4,2.425,0.0
24.0,51.54,1.15,0.0,0.0,0.0
32.12,47.25,2.1,976.73,82.727,0.0
29.16,72.78,6.34,318.23,31.371,12.759
26.28,77.69,12.15,21.47,3.111,95.331
27.43,57.36,8.08,494.2,45.737,27.82
23.56,70.11,13.95,15.33,0.0,98.085
20.46,62.43,10.73,0.0,0.0,72.689
25.82,56.94,7.12,837.93,74.214,20.514
22.74,81.74,8.28,27.61,0.0,31.083
23.7,51.07,0.36,0.0,1.587,0.0
21.21,80.36,6.21,1.35,0.0,14.439
18.64,64.56,5.54,11.44,0.0,12.075
22.26,80.78,5.07,0.0,0.0,7.189
28.1,81.58,8.22,301.5,27.159,28.773
28.46,49.46,4.08,758.76,67.142,2.816
19.76,68.65,5.34,27.93,5.617,8.423
21.48,60.96,5.59,0.0,1.157,7.395
30.66,71.71,2.66,357.56,29.834,1.732
22.65,74.33,3.79,0.0,0.0,2.111
18.55,77.92,5.27,0.0,0.0,9.249
29.16,55.09,3.87,510.38,46.747,0.0
34.41,59.71,5.21,796.12,69.905,2.816
24.72,78.91,2.82,416.75,41.864,0.0
23.37,57.33,2.66,0.0,3.568,0.047
25.11,79.67,8.13,0.0,0.0,25.358
25.75,64.7,6.13,595.54,55.899,10.306
28.63,62.32,2.74,183.31,18.198,2.567
33.2,76.48,5.57,434.59,36.426,9.125
23.72,66.14,6.29,158.95,11.57,12.938
22.9,,4.33,130.82,12.947,1.003
34.04,53.33,1.49,651.35,54.082,2.501
22.09,81.41,2.01,83.93,6.425,0.0
19.94,73.95,1.9,253.31,23.023,0.19
26.55,79.99,10.72,238.72,22.741,68.851
30.69,61.99,1.98,489.52,46.733,0.343
23.68,70.42,7.77,31.81,3.133,28.19
27.61,69.27,6.28,508.78,45.056,13.551
29.25,73.39,10.99,569.84,46.591,73.471
25.64,73.08,8.43,0.0,0.917,32.266
30.45,79.58,5.68,571.85,50.424,9.563
23.81,60.08,7.19,484.45,44.023,19.273
36.38,54.68,1.92,964.12,82.253,0.379
19.95,86.73,5.44,29.95,0.55,7.069
27.09,73.07,2.08,0.0,0.0,0.0
22.21,78.02,7.54,313.8,29.128,21.17
21.18,66.7,2.13,7.81,0.0,0.0
24.74,71.36,5.25,0.0,1.102,6.028
27.95,75.86,3.61,300.12,28.685,4.78
19.69,63.2,3.35,0.0,2.102,2.603
13.3,67.93,2.64,20.1,3.057,0.0
33.31,58.09,10.43,361.64,32.678,60.343
23.78,63.1,10.07,0.0,0.0,58.003
26.9,52.05,6.85,0.0,0.911,20.499
27.85,62.57,8.93,183.57,17.042,40.172
26.53,73.08,1.58,175.17,16.685,0.0
22.05,61.5,5.39,0.0,1.019,9.163
21.47,85.64,3.25,0.0,0.277,2.498
35.17,48.52,5.3,709.24,62.196,11.083
29.93,73.16,6.26,388.87,33.762,11.723
29.07,68.04,2.01,6.34,3.309,0.277
21.94,66.05,2.14,176.64,14.927,0.9
18.28,59.62,4.5,0.0,0.878,2.211
27.61,57.82,4.3,173.44,15.591,1.244
23.81,73.04,3.71,312.83,31.622,2.163
29.65,64.32,2.17,0.0,1.767,0.0
27.07,77.43,3.02,89.47,8.509,0.0
32.16,60.84,2.58,380.06,37.707,1.631
26.79,73.73,0.85,129.97,11.984,0.996
21.37,73.9,3.16,156.73,16.946,2.762
22.98,64.03,12.86,390.55,35.367,98.233
34.63,49.23,10.37,696.92,61.538,59.826
18.83,63.74,3.47,15.62,0.0,3.444
36.8,52.85,7.01,885.11,74.199,16.511
24.8,84.04,6.74,0.0,0.0,15.17
25.52,57.96,4.05,226.78,23.454,2.113
29.43,76.71,11.78,247.72,21.562,91.01
32.34,66.55,14.19,625.73,60.993,94.189
23.23,84.21,2.81,139.55,10.568,0.0
26.85,62.45,6.35,9.77,1.417,12.413
29.4,75.04,5.15,188.11,18.125,6.088
30.25,62.74,8.06,544.48,49.918,27.959
21.02,87.37,0.98,3.08,0.0,0.0
32.91,64.42,5.91,526.95,47.248,10.957
22.49,54.42,3.73,456.75,41.999,0.0
27.81,66.07,6.97,328.19,34.254,18.404
26.78,90.3,3.95,161.64,13.832,5.544
26.99,59.16,8.46,572.02,51.715,31.447
33.66,62.06,2.07,623.22,53.195,0.115
31.12,60.83,4.11,725.75,61.803,1.873
20.96,65.99,4.42,10.03,0.0,2.942
24.02,76.25,7.32,0.0,1.344,18.736
20.05,56.8,5.38,0.0,0.0,11.445
24.28,88.36,9.45,0.0,0.0,47.222
18.72,58.05,7.74,174.7,15.363,24.024
29.15,57.65,9.41,493.24,45.551,43.585
20.4,87.17,10.58,0.0,0.043,66.929
27.09,63.16,2.27,482.37,44.259,0.0
24.36,66.98,4.54,98.95,8.068,5.891
28.46,55.35,8.13,510.04,47.468,27.678
25.74,85.03,1.72,83.34,6.605,0.778
24.52,61.02,4.52,0.0,0.14,4.606
23.71,53.73,5.98,0.0,0.0,12.575
24.17,79.48,3.12,134.85,9.515,1.182
21.21,61.61,6.03,10.72,5.125,12.552
21.64,74.16,4.33,0.0,1.15,5.152
20.77,83.26,1.97,0.0,0.36,0.0
21.26,71.89,5.07,0.0,0.676,10.244
24.58,77.65,8.2,0.0,4.105,30.553
21.71,66.98,2.26,0.0,2.274,0.0
21.82,74.09,3.0,0.0,0.698,0.0
16.34,79.47,4.75,20.84,0.666,4.284
24.58,64.93,5.09,0.0,0.0,6.792
25.58,68.07,4.25,387.99,32.468,3.005
20.78,58.11,8.16,2.11,0.0,33.424
26.48,63.76,4.6,33.27,4.555,3.213
22.79,76.16,12.34,0.13,1.28,98.726
25.13,72.07,10.67,16.41,2.827,65.121
24.7,60.55,5.48,0.0,0.0,12.207
22.57,70.4,4.59,0.0,1.102,1.596
21.12,77.34,6.13,0.19,1.667,15.86
22.99,100.0,6.2,0.0,0.0,11.826
26.71,73.5,4.17,0.0,0.609,0.0
25.85,57.21,5.3,283.76,31.1,9.623
27.2,75.95,12.25,0.0,0.0,96.101
19.66,81.27,1.19,0.0,0.0,0.0
21.68,64.93,7.88,246.8,22.167,27.814
15.13,75.69,2.41,0.0,0.0,1.329
16.53,70.79,8.39,16.43,0.385,33.841
28.39,59.55,9.49,411.59,35.517,48.837
31.78,46.87,7.95,924.49,81.109,26.963
28.52,63.13,5.06,280.07,27.735,7.059
21.42,73.06,6.69,0.0,0.686,14.615
25.3,58.18,3.32,5.57,3.001,2.084
31.1,68.99,4.96,679.4,58.203,4.26
29.62,68.97,7.87,514.52,46.375,23.507
22.39,59.63,10.56,168.45,20.808,65.509
28.1,61.25,7.84,0.0,1.171,25.029
19.98,55.88,4.27,171.61,18.1,4.789
30.41,69.01,3.73,612.02,52.562,0.0
19.79,95.83,9.19,0.0,0.0,45.474
24.77,81.38,0.9,83.73,6.016,0.0
25.07,58.08,8.02,211.65,23.685,22.815
23.33,59.07,15.71,4.12,0.0,94.777
31.32,51.86,3.0,830.44,73.807,0.0
32.63,64.02,4.06,438.95,40.631,3.088
28.3,84.17,6.66,324.65,26.477,14.818
32.41,75.15,4.14,321.96,31.44,0.012
33.29,59.49,2.26,930.91,77.846,0.0
23.91,62.36,2.02,0.0,0.0,0.0
31.65,46.46,3.56,830.02,72.88,1.518
28.69,67.84,3.59,262.63,22.845,0.902
24.25,71.02,3.28,272.94,25.415,1.703
22.19,64.47,0.15,11.02,0.079,0.0
22.75,70.41,6.95,0.0,0.0,16.583
29.05,81.02,4.76,240.35,19.822,8.576
28.23,67.64,3.83,377.07,36.323,2.919
29.66,76.25,2.0,297.5,27.968,0.0
20.7,67.47,6.55,0.0,0.521,12.704
26.77,82.75,3.66,0.0,0.0,3.463
21.69,69.82,4.43,7.38,0.832,6.503
30.71,65.7,9.2,29.74,1.364,39.554
23.85,78.82,4.17,101.84,8.286,0.498
28.85,62.48,1.85,275.86,29.196,0.558
19.93,61.63,5.12,0.0,1.769,6.949
36.03,46.99,4.95,813.7,68.322,6.143
26.14,58.87,3.65,455.24,39.192,4.912
34.05,54.52,0.65,978.18,78.433,0.0
29.7,50.6,5.54,655.71,57.408,8.092
29.36,70.81,10.33,393.54,36.117,61.672
21.47,59.26,3.13,0.0,0.237,1.624
24.93,67.54,0.92,387.94,36.481,0.0
19.22,77.71,7.5,12.69,1.925,21.679
24.87,84.13,3.59,0.0,0.0,0.188
31.26,55.37,5.32,658.08,61.253,10.277
18.47,79.66,9.54,16.99,1.29,46.932
24.69,78.16,5.59,0.0,0.59,7.732
18.39,73.54,5.67,23.93,1.071,10.596
27.09,69.45,3.99,188.38,18.447,0.0
22.67,95.8,3.85,0.75,4.226,2.245
25.35,69.02,4.64,1.48,0.0,0.325
28.23,67.82,4.94,1.04,0.0,5.623
18.65,71.24,3.84,0.0,0.0,1.823
25.66,68.12,7.26,134.58,12.242,20.464
24.43,86.37,7.79,0.0,0.0,23.625
21.88,54.09,1.77,24.4,0.354,0.455
21.07,64.38,4.37,23.79,2.263,3.176
22.94,72.71,5.4,12.78,4.375,10.042
24.21,66.01,5.27,0.0,0.0,8.081
28.44,41.81,9.02,947.7,82.374,36.767
30.0,82.96,4.28,429.85,39.222,1.218
25.46,78.65,8.22,552.01,51.149,28.69
29.75,75.46,2.85,242.91,25.212,0.361
24.0,,15.73,0.0,0.48,96.632
37.52,49.28,4.86,879.39,73.698,4.45
29.67,75.57,10.71,372.23,31.889,72.912
29.23,50.9,10.02,703.2,64.125,53.878
18.14,70.81,2.63,15.58,0.0,2.782
26.96,78.71,9.2,272.44,23.58,42.179
21.79,62.01,7.74,0.79,0.465,20.737
32.67,75.09,4.22,286.46,29.114,3.061
26.72,67.94,8.91,494.6,46.605,40.623
32.13,74.34,8.2,281.17,25.567,30.309
31.46,69.25,14.1,343.6,29.342,95.108
22.9,62.43,1.0,0.0,3.044,0.047
26.69,77.98,8.35,0.0,0.0,30.348
24.49,78.78,2.65,225.2,20.696,1.792
20.72,84.34,0.83,27.57,3.806,0.0
18.4,70.53,9.45,28.12,1.91,46.182
28.16,58.04,8.84,0.0,0.0,38.165
24.74,85.28,6.18,424.42,37.55,11.269
17.51,77.86,4.81,0.0,0.0,7.455
25.57,63.1,12.96,413.15,36.194,97.397
27.28,59.31,7.35,26.39,0.089,19.27
26.18,56.23,4.98,0.0,1.944,3.156
27.03,73.36,9.55,334.77,32.348,46.484
34.17,54.31,7.62,763.61,64.155,27.563
23.57,65.46,9.83,7.91,2.556,52.233
25.06,50.49,5.47,24.64,3.054,9.263
25.24,95.62,2.38,30.54,2.257,0.0
22.97,69.04,9.02,0.0,0.0,38.332
21.41,61.18,12.74,10.1,1.689,97.448
28.11,70.02,1.78,332.07,34.446,3.402
25.24,72.06,1.46,0.0,0.029,0.0
28.27,64.71,6.92,244.8,24.974,15.829
23.37,96.2,2.84,10.07,0.544,1.803
21.78,73.98,3.67,3.25,2.164,4.468
28.95,58.51,11.14,455.91,41.448,76.967
31.42,51.94,3.32,615.43,50.078,1.885
24.71,68.84,3.6,0.0,0.0,0.0
27.67,69.01,6.04,0.0,0.265,8.254
24.62,66.93,6.61,4.7,2.626,12.605
22.68,62.77,9.16,6.27,0.314,40.724
23.34,66.0,0.93,14.69,1.505,0.451
26.63,66.54,2.88,0.0,0.0,0.0
33.71,52.33,0.47,790.51,71.242,0.501
30.6,64.77,0.28,475.59,45.914,0.0
25.53,81.41,1.07,576.29,50.395,0.0
15.97,70.39,4.34,0.45,0.0,4.965
27.81,67.53,3.17,0.0,0.0,0.0
24.54,86.59,8.23,17.0,2.843,33.03
22.99,68.97,5.2,17.58,1.998,8.166
29.25,73.89,3.07,299.41,26.024,0.0
26.12,77.45,7.93,0.4,0.582,29.053
26.62,66.53,8.92,0.0,0.0,36.3
25.27,53.75,4.55,28.88,4.433,6.4
26.28,75.48,6.09,416.1,37.438,11.947
19.22,65.54,8.34,0.0,0.0,28.921
16.1,71.83,7.69,21.36,1.416,22.48
25.47,62.35,13.66,0.0,0.0,95.684
34.27,62.31,7.05,670.06,58.809,19.519
25.31,73.78,7.17,22.17,4.481,19.081
25.47,74.56,4.4,0.0,2.228,2.921
28.73,69.94,9.55,560.3,50.515,47.438
28.88,58.76,8.35,679.04,60.023,27.159
20.48,59.34,5.54,39.22,2.776,9.913
24.0,76.32,4.13,158.24,11.598,5.164
18.45,68.53,6.07,21.49,2.111,13.002
35.92,50.64,5.93,597.16,50.676,9.116
19.29,69.02,2.2,0.0,2.437,0.0
23.0,72.32,7.15,0.0,0.0,17.191
22.7,68.65,4.63,332.24,32.962,1.854
31.97,65.22,7.84,624.64,53.944,29.735
32.44,48.57,10.6,925.59,77.629,64.383
21.9,72.23,9.56,14.37,2.624,50.384
26.99,78.86,1.97,400.55,37.191,1.699
23.33,74.1,3.43,104.77,10.776,1.047
23.36,68.67,5.69,169.34,16.13,7.11
21.18,63.4,3.71,0.0,1.579,2.432
34.54,70.91,1.13,486.09,44.121,0.0
22.81,61.57,4.26,16.65,0.0,4.09
24.82,67.83,5.39,4.08,0.0,5.287
20.0,82.49,5.88,0.0,2.029,9.296
19.31,70.62,9.46,0.0,0.0,46.566
23.31,62.54,5.03,2.49,0.0,8.536
36.97,80.13,3.48,352.61,30.774,0.0
21.66,62.75,8.33,19.47,2.974,36.378
24.89,53.97,1.37,26.62,1.704,0.0
24.7,61.32,2.88,379.0,38.19,0.0
14.58,89.38,9.14,101.42,13.716,44.15
17.96,95.81,1.9,0.0,0.0,0.655
29.18,71.47,6.86,6.45,0.0,18.241
24.29,75.62,6.12,57.05,0.957,12.71
27.75,87.81,10.85,87.98,9.601,74.411
21.99,64.69,2.56,144.08,12.69,1.463
22.18,73.81,8.34,347.67,31.844,31.471
19.15,69.2,4.66,0.0,2.296,3.198
29.96,80.6,3.64,380.8,31.772,0.032
22.4,85.59,8.74,0.0,0.0,39.305
21.09,70.45,5.63,0.0,0.0,12.208
26.2,60.79,1.99,464.88,45.486,2.008
28.39,68.72,5.42,241.73,24.688,1.093
18.67,81.59,7.08,5.18,0.0,14.547
28.21,67.51,13.11,380.62,32.496,95.601
22.97,79.39,2.55,62.73,7.747,0.0
21.38,71.01,6.5,23.14,7.792,14.314
25.06,67.65,6.36,429.7,39.372,15.592
22.27,74.93,3.82,0.0,0.0,4.046
26.48,81.93,8.69,36.31,5.957,35.876
25.12,74.81,4.0,2.75,0.0,0.0
25.83,58.82,2.89,5.15,0.0,0.0
25.57,80.83,8.59,400.73,31.534,34.6
24.72,65.2,11.67,537.96,48.761,89.749
27.83,69.71,2.95,182.99,14.713,0.0
23.26,82.25,1.14,0.0,2.518,1.321
24.07,77.0,8.52,110.67,8.685,30.235
22.17,82.65,2.98,115.03,12.643,0.0
17.27,81.75,4.1,21.47,1.925,0.697
22.64,97.67,6.03,0.0,0.251,13.767
35.29,58.32,7.7,780.12,67.554,26.653
20.91,80.59,4.8,18.32,1.69,1.635
21.34,70.78,2.34,0.0,0.0,0.0
25.51,73.37,3.57,0.0,0.0,2.579
19.62,61.99,8.04,0.0,1.018,27.606
35.13,69.17,1.89,439.03,35.079,2.733
22.33,80.85,6.26,0.0,3.356,14.016
22.79,54.1,5.05,0.0,0.264,7.654
21.61,76.47,5.57,3.46,0.0,6.752
21.17,83.7,6.23,68.31,7.171,13.217
26.2,74.9,8.71,17.37,0.488,39.848
28.25,58.91,6.21,250.71,23.271,12.234
35.14,50.09,8.02,811.36,67.119,26.771
22.85,75.2,1.02,13.72,2.093,0.0
21.63,60.33,6.83,0.0,0.0,13.579
31.58,43.99,4.54,730.43,64.885,1.503
20.17,90.68,7.01,0.27,2.993,16.53
27.02,76.04,3.72,8.78,0.0,0.0
25.42,84.97,7.37,12.33,0.927,18.134
23.57,67.99,10.63,9.35,0.0,62.147
25.34,79.73,4.9,267.99,26.177,3.589
26.99,73.13,7.58,11.8,1.103,24.42
23.1,66.72,2.67,18.91,1.895,0.0
23.26,66.26,6.26,13.2,0.985,11.826
26.11,71.43,4.13,0.0,0.0,3.993
23.51,68.04,4.19,163.56,20.762,6.026
29.24,51.3,2.46,672.42,60.203,4.547
25.06,71.38,8.03,220.4,21.507,28.219
19.46,53.8,6.01,3.86,0.0,10.44
27.04,,10.24,281.94,28.342,58.172
18.03,87.76,7.37,0.0,0.0,22.868
20.54,67.62,4.12,0.0,0.892,2.161
20.51,72.48,2.83,3.65,2.166,0.0
19.18,87.06,6.86,0.0,0.0,16.952
18.51,82.26,7.74,6.51,0.0,23.511
23.75,61.11,7.17,0.0,0.0,14.828
22.89,74.28,7.6,0.0,0.0,22.263
31.41,65.22,5.78,707.51,60.297,12.149
36.96,69.6,6.46,424.18,35.038,16.067
28.55,68.54,1.67,401.84,39.722,1.88
23.15,79.64,4.95,0.0,1.966,4.403
22.84,78.24,6.75,7.02,0.0,14.467
22.7,53.88,1.92,0.0,0.307,3.249
31.26,65.83,7.78,620.53,53.09,22.586
30.26,59.51,9.46,661.6,59.321,45.898
29.83,53.65,4.83,330.3,29.144,8.154
22.24,76.06,6.85,125.98,11.107,17.166
29.12,72.84,2.93,667.17,60.619,0.0
23.77,52.71,7.68,24.97,4.115,26.613
17.52,74.91,6.42,97.72,12.69,14.014
25.49,77.26,4.65,0.0,0.0,4.574
27.82,89.94,3.94,31.98,0.113,4.947
32.7,64.06,2.83,853.29,74.384,0.0
31.34,65.8,1.2,309.57,30.277,0.718
24.23,81.57,6.15,0.0,1.257,10.193
19.72,92.28,4.03,137.58,11.756,1.809
32.87,61.62,8.3,519.79,44.143,30.426
21.43,79.93,6.17,75.31,8.4,10.61
31.66,82.32,0.82,140.52,11.214,0.457
27.42,62.94,5.22,370.54,33.789,7.261
25.06,84.52,7.96,1.55,5.962,27.57
28.37,58.24,3.79,493.12,49.319,1.754
27.31,69.36,5.05,0.0,1.585,5.495
26.25,64.84,1.4,351.62,31.513,0.0
27.19,67.16,9.23,16.11,0.115,42.973
25.31,57.17,4.66,0.0,1.432,2.308
21.61,84.92,3.46,5.95,3.575,3.372
21.15,86.61,7.76,0.0,0.0,25.16
18.19,74.12,2.62,1.97,0.0,0.0
19.03,61.19,3.42,321.51,31.317,1.538
24.09,82.39,1.96,0.0,0.0,0.0
19.22,86.32,12.8,33.17,0.538,101.042
26.25,63.58,3.2,13.98,0.0,2.108
24.47,64.85,3.86,0.0,1.092,1.926
23.61,82.65,8.61,47.98,5.178,36.826
26.28,66.58,7.43,0.0,2.274,22.174
20.58,72.02,10.08,407.8,35.019,55.197
27.74,68.27,6.58,233.18,18.869,16.32
20.24,80.87,5.7,0.0,0.911,5.327
26.47,63.09,4.47,0.0,0.0,0.0
22.89,81.7,6.59,3.86,0.0,16.232
24.94,69.18,1.48,0.84,2.108,0.887
26.23,92.62,1.64,262.83,23.152,0.754
20.39,62.79,2.8,16.38,0.763,2.779
27.71,67.63,6.76,405.0,36.75,15.834
15.47,74.41,5.53,4.9,0.116,7.579
27.84,49.39,13.11,619.21,57.562,97.328
18.66,62.3,5.73,0.0,0.0,7.946
16.57,84.8,6.2,0.0,0.0,11.878
24.01,68.05,6.32,0.81,2.404,13.347
24.84,67.13,8.77,9.45,5.19,37.444
22.08,69.02,12.96,21.32,0.0,96.935
18.78,79.31,5.07,0.0,0.662,5.001
26.7,58.05,0.85,496.33,45.289,0.0
21.5,65.24,8.67,0.0,0.0,34.317
25.41,65.44,6.52,235.51,20.802,17.813
21.96,82.46,9.12,0.0,1.512,41.466
26.39,75.88,7.84,647.6,59.071,26.153
30.82,47.73,4.78,487.39,49.522,1.605
21.05,70.12,7.54,8.27,0.0,28.281
23.83,70.32,3.38,0.0,0.0,0.0
23.91,78.87,10.58,0.0,4.109,63.638
27.15,53.69,12.12,257.37,24.346,95.832
23.67,85.23,3.22,0.0,0.0,0.0
25.69,58.65,11.01,811.11,72.28,74.845
23.31,75.29,10.4,166.97,13.22,59.618
35.42,48.1,1.17,877.82,75.144,2.274
29.68,55.68,6.73,407.35,37.344,17.414
26.63,81.71,8.54,0.0,2.148,33.395
32.19,56.16,9.54,366.27,35.238,43.291
26.57,69.93,11.18,218.17,22.483,75.752
31.03,38.99,12.9,795.8,70.442,94.855
17.85,76.7,4.63,1.46,3.354,1.792
30.5,51.76,5.83,792.93,70.497,7.459
19.68,76.71,0.74,0.0,0.0,2.099
20.9,70.37,1.93,0.0,0.0,0.31
28.28,59.23,3.36,726.13,62.934,0.852
26.8,78.3,5.51,228.17,22.531,8.972
35.91,68.09,8.59,631.09,51.664,32.893
34.47,50.75,1.76,824.29,70.852,0.0
19.19,100.0,7.01,11.4,0.0,19.316
26.45,74.79,13.07,11.46,0.0,97.796
31.42,57.68,14.97,651.1,55.342,95.605
22.34,68.52,8.73,4.5,0.396,39.487
21.73,69.57,3.97,9.56,2.472,2.095
20.26,82.54,7.61,32.78,1.862,21.162
25.93,52.38,4.12,0.0,0.0,4.596
25.19,72.0,6.16,134.64,19.206,11.235
27.92,49.15,7.42,474.93,46.143,19.958
17.87,80.58,5.16,26.34,4.477,7.853
28.01,81.88,5.89,300.15,30.871,10.712
21.57,81.98,10.21,0.0,0.185,56.989
20.66,74.26,8.09,0.0,0.0,30.305
19.17,71.16,11.25,0.0,2.712,84.63
34.98,53.05,2.69,686.18,62.297,0.647
24.48,76.65,10.26,0.0,1.23,59.411
18.66,75.21,3.34,146.45,16.108,0.0
32.89,72.08,1.14,423.3,35.37,4.102
31.7,60.46,8.51,904.07,76.382,31.735
27.61,83.79,4.08,273.76,28.68,0.0
31.1,65.41,2.99,420.35,39.708,0.222
25.18,77.89,4.7,6.99,0.0,6.39
26.39,61.14,3.84,0.0,0.0,4.14
28.71,73.68,10.95,438.95,42.911,70.909
16.63,82.81,2.43,1.58,1.068,0.0
14.65,81.92,2.1,0.0,0.364,0.001
23.68,71.59,4.66,0.0,0.424,6.188
31.98,74.62,3.65,236.68,21.549,2.377
20.47,72.49,4.37,0.0,0.0,3.81
19.88,80.78,2.68,0.0,0.0,1.83
27.28,57.57,8.98,505.47,48.379,36.607
20.1,71.14,5.72,0.0,0.475,10.098
25.44,80.67,2.51,2.17,1.624,0.443
24.63,65.49,7.6,0.0,1.093,23.305
21.01,78.63,4.94,0.0,2.817,4.892
28.98,82.21,8.0,0.94,0.998,27.451
27.69,45.24,3.56,835.05,75.574,0.0
21.92,85.47,6.14,0.0,0.335,17.165
27.42,72.14,1.16,549.33,47.578,2.718
22.81,62.37,15.64,10.24,0.562,99.545
21.86,83.97,7.0,0.0,1.18,17.079
34.46,59.5,15.12,827.84,71.669,91.76
22.96,68.21,6.0,0.0,2.902,10.419
24.66,72.54,0.35,237.18,21.554,0.228
22.72,69.86,8.81,17.28,2.151,34.748
29.03,41.28,8.38,896.95,78.257,32.478
30.73,70.1,2.82,402.37,39.72,2.164
33.32,57.42,5.09,930.89,79.237,1.321
22.07,82.61,6.09,5.94,1.371,9.632
22.94,86.08,9.19,77.56,7.391,45.268
27.36,57.28,9.21,442.21,40.435,43.218
25.45,68.58,4.72,0.0,0.0,2.697
26.68,49.3,1.54,18.35,0.0,1.471
25.71,73.63,5.09,0.0,0.358,4.777
24.87,65.71,4.98,3.97,0.497,5.027
30.64,82.63,4.17,209.61,19.648,0.269
21.92,54.0,11.2,17.37,3.617,79.239
20.67,86.47,12.12,0.0,0.186,100.108
34.87,46.75,8.04,795.11,67.719,26.104
34.69,54.27,0.68,817.23,69.315,1.291
21.32,66.72,0.38,0.0,0.488,0.0
18.57,77.67,10.27,0.0,0.0,63.535
19.39,85.72,10.08,11.79,3.289,56.819
28.21,59.0,2.9,703.46,62.518,3.11
29.17,74.76,1.03,13.45,1.787,1.363
24.88,71.94,10.18,0.0,0.0,58.876
22.57,61.95,10.48,179.29,19.536,64.909
21.83,80.78,5.5,166.75,18.89,7.048
22.51,93.38,4.14,179.44,14.252,1.446
18.8,87.26,10.41,25.41,3.3,64.342
22.93,71.15,1.18,11.91,0.953,0.0
34.7,47.55,7.25,695.89,61.278,18.31
22.62,76.74,4.54,240.32,23.78,1.948
34.12,60.67,2.98,378.93,29.743,1.144
18.52,71.14,5.92,0.0,1.519,11.646
18.82,65.75,2.27,0.0,2.225,2.536
35.57,60.29,3.98,641.28,58.015,1.299
32.32,67.86,9.12,304.53,25.926,38.967
22.45,67.77,8.53,0.0,0.0,31.076
21.29,82.72,6.43,15.38,0.426,14.294
23.99,73.28,2.7,8.16,0.0,2.794
24.32,62.41,6.92,21.44,0.865,17.173
19.09,69.38,5.19,0.0,0.0,6.614
20.37,67.12,5.18,464.32,44.405,6.463
19.44,77.11,5.59,0.0,0.0,9.084
29.0,62.77,5.29,0.0,0.0,8.792
27.06,58.96,3.11,0.0,0.0,4.02
19.71,85.98,1.83,19.62,3.465,0.997
19.68,61.77,3.95,3.38,5.895,3.126
32.85,53.86,4.33,840.2,72.707,2.506
31.51,64.31,3.47,594.31,50.537,0.601
29.02,83.24,1.28,269.65,23.412,0.0
14.05,89.53,6.42,16.99,3.016,13.284
33.07,55.16,6.13,11.98,0.0,11.497
25.25,62.9,1.47,20.29,4.178,1.25
21.53,74.31,6.75,5.95,1.133,16.276
20.54,70.12,7.19,0.0,0.0,19.317
26.52,53.14,3.31,0.0,0.0,0.776
21.56,84.39,2.67,6.97,2.522,0.0
28.07,64.18,6.65,428.44,37.815,16.657
33.6,44.98,6.58,847.06,73.197,13.422
23.08,55.68,2.66,0.0,0.0,0.0
22.92,69.1,4.68,14.21,0.0,5.241
32.2,60.73,6.78,584.7,51.348,16.843
24.03,71.79,8.22,7.52,0.0,28.446
23.16,68.12,4.53,0.0,0.0,5.01
31.85,70.21,7.27,352.56,32.872,21.09
18.08,,9.77,0.0,1.405,56.67
20.27,72.64,4.02,79.21,7.75,1.732
31.55,52.78,4.88,706.08,60.366,4.833
21.02,70.38,5.35,0.0,0.0,6.045
18.99,91.77,7.59,0.0,0.0,24.791
33.31,73.92,2.8,414.35,32.691,0.0
22.18,83.05,6.41,0.0,0.147,15.5
15.15,83.58,8.55,0.0,0.0,34.278
20.65,57.16,2.82,3.25,0.479,0.944
22.79,69.44,5.03,26.54,0.0,5.269
20.76,76.42,4.52,3.03,0.0,0.078
22.66,89.87,6.24,10.53,2.357,13.62
26.56,72.58,7.8,195.93,18.564,21.752
29.85,52.79,2.83,518.76,43.383,0.0
27.94,70.04,13.99,724.19,62.587,95.413
31.37,57.88,2.81,955.29,81.494,0.0
18.28,81.45,7.15,10.86,0.0,19.757
20.95,73.11,4.67,0.0,0.0,4.389
23.68,86.1,4.29,13.35,1.779,3.699
29.18,52.15,1.88,389.56,36.218,0.0
24.27,77.33,9.54,0.0,0.0,53.207
28.05,68.93,4.69,528.64,47.779,3.603
24.64,83.58,7.36,0.0,0.0,18.734
31.33,72.06,4.14,480.22,46.358,0.0
30.35,67.94,2.06,476.75,42.74,1.317
23.99,65.1,10.1,4.18,0.681,53.977
27.19,53.65,4.21,541.25,50.109,0.268
19.75,64.72,5.82,245.89,23.254,7.126
20.78,63.67,6.97,0.0,0.0,18.89
25.54,52.21,15.95,1.5,1.068,99.133
21.59,77.53,7.8,5.56,1.482,23.883
20.07,77.87,5.1,4.81,4.64,6.955
20.25,57.98,5.06,0.0,1.485,0.643
16.8,68.9,7.7,0.0,1.519,23.63
25.59,82.9,1.45,8.06,2.211,1.205
30.57,55.23,6.15,765.9,65.636,10.849
27.69,65.05,6.48,288.29,24.454,15.798
25.03,67.95,3.62,392.11,34.519,0.0
31.86,65.81,8.23,447.79,41.67,28.005
32.31,75.0,9.96,630.67,57.713,54.271
25.16,86.19,6.46,242.87,24.161,14.647
34.3,49.47,2.57,715.34,61.923,1.034
20.92,83.42,6.11,10.62,4.394,12.02
27.91,58.89,3.6,616.63,54.644,0.0
28.71,48.56,11.18,585.91,50.939,75.425
18.13,84.25,2.02,0.0,0.506,4.633
19.45,79.05,14.55,0.0,2.584,95.962
26.25,70.04,1.81,7.89,0.0,0.0
23.66,61.84,7.71,145.36,10.7,26.008
28.76,74.61,4.96,251.03,23.381,3.22
23.56,72.08,7.72,0.0,1.543,28.3
27.46,46.78,2.61,230.43,16.13,5.469
13.93,70.99,8.37,0.0,1.955,32.571
26.49,69.5,3.52,425.3,36.427,1.558
22.31,82.61,4.8,0.0,1.45,1.146
25.86,54.43,7.43,403.19,33.794,23.752
28.69,73.49,6.89,326.92,27.149,12.379
26.98,68.65,5.52,673.32,61.189,5.291
22.75,66.36,2.1,0.0,2.432,0.237
32.33,71.33,5.72,343.12,31.076,9.99
27.96,77.49,8.97,225.83,25.844,36.089
23.34,77.62,3.13,244.24,21.107,0.0
28.77,55.87,4.17,277.4,23.993,0.0
30.62,57.54,6.3,215.35,19.603,11.777
30.43,69.07,0.39,0.0,0.0,0.0
27.47,63.46,6.93,292.32,27.961,15.991
18.2,82.4,10.09,0.0,0.0,59.502
28.5,77.78,2.33,295.1,28.338,0.563
35.45,55.74,3.91,577.09,51.742,2.925
23.4,58.52,0.21,6.75,3.896,0.0
27.18,80.7,0.67,127.59,11.066,1.434
18.95,70.67,2.62,0.0,0.674,0.0
30.46,79.69,3.36,331.11,31.297,0.0
17.21,78.82,4.41,166.44,16.293,4.564
18.85,84.09,8.21,14.64,1.021,29.691
28.45,66.25,1.59,448.75,36.834,0.0
20.78,83.3,13.19,2.12,0.375,100.169
19.83,57.5,12.89,0.0,1.191,100.3
18.91,100.0,3.84,0.0,0.0,1.123
30.04,75.03,5.93,293.25,25.361,11.88
21.55,82.88,2.99,3.38,0.0,0.0
21.96,71.02,10.04,1.4,1.044,55.996
34.97,55.43,6.51,963.77,80.45,12.212
20.58,79.3,2.39,0.0,2.78,0.0
35.36,53.3,0.86,664.18,54.852,1.469
18.2,70.06,5.07,2.74,0.0,7.128
29.6,59.54,9.01,0.0,0.0,40.264
24.5,86.61,2.6,16.18,3.608,0.275
21.78,52.52,4.56,0.0,2.478,3.58
28.32,64.73,5.2,437.84,43.938,8.808
22.11,86.16,9.13,6.93,1.718,39.083
29.39,50.81,3.82,413.79,39.842,0.275
25.52,81.04,3.18,0.0,0.872,1.122
16.64,71.87,6.95,0.0,1.146,21.111
29.25,60.74,6.82,401.81,37.035,15.562
17.38,60.54,6.59,1.26,1.365,14.562
21.7,86.06,4.33,0.0,4.28,0.52
33.48,55.6,1.19,547.05,49.081,0.0
17.18,62.18,4.91,0.0,0.048,6.737
16.74,64.15,7.41,0.0,0.396,25.35
24.62,67.72,8.15,0.0,0.0,28.624
34.42,54.7,3.14,540.68,48.444,0.0
22.04,87.87,10.35,0.0,0.0,62.185
15.21,79.78,6.81,0.0,2.288,13.744
26.51,52.56,7.85,829.52,75.537,28.247
23.08,69.97,5.13,23.68,6.654,3.735
18.78,64.12,9.94,8.31,0.787,56.091
28.19,60.6,5.23,419.9,39.267,7.111
22.91,60.97,13.33,22.94,2.762,98.585
30.94,62.91,6.26,894.07,76.666,12.669
28.99,54.61,11.39,3.98,2.647,81.443
23.1,,3.62,7.32,0.0,2.022
31.08,53.29,5.08,388.32,36.615,7.474
26.25,70.93,4.26,131.19,16.521,6.435
23.36,58.21,0.4,0.0,2.726,0.0
21.17,97.92,6.8,10.43,3.506,12.831
21.54,69.67,2.48,0.0,1.684,0.0
31.55,63.69,1.63,393.59,34.586,0.0
18.91,76.04,8.74,0.0,0.0,34.771
36.37,47.69,12.13,711.1,59.945,90.444
27.07,65.61,12.78,460.9,39.999,95.148
23.73,80.5,6.9,18.74,3.711,18.887
29.68,67.54,0.94,553.07,52.422,1.253
22.32,69.26,3.59,0.0,0.869,0.0
28.78,63.59,8.18,11.82,2.75,28.168
24.28,60.35,3.97,235.26,23.143,6.041
19.55,83.72,7.27,7.08,1.835,21.9
20.23,65.32,11.82,0.0,0.0,94.072
21.76,77.97,4.07,0.0,0.629,2.572
26.75,68.93,3.8,385.62,34.811,0.984
19.49,71.56,2.59,0.0,0.0,4.006
30.61,54.21,6.08,832.16,72.661,10.661
22.18,91.52,5.58,10.6,0.0,8.72
23.88,77.93,9.35,0.0,0.0,41.754
28.04,55.54,7.17,420.1,37.4,17.921
21.19,90.2,7.79,0.0,0.0,24.559
29.04,52.95,4.21,625.35,53.933,3.643
22.43,46.76,9.89,0.0,0.0,52.329
19.13,66.27,8.56,0.0,0.0,34.88
27.5,56.69,8.97,856.75,76.052,37.901
21.05,75.52,11.5,18.22,0.0,83.84
32.93,62.12,8.09,474.33,38.737,25.482
21.7,80.95,8.57,0.0,0.0,34.216
19.39,82.51,10.05,21.2,0.0,57.504
20.27,75.51,8.6,8.69,3.778,34.775
24.4,74.01,8.01,0.0,0.266,26.001
18.75,90.99,5.64,0.0,0.0,8.544
21.36,80.52,2.78,17.37,2.839,0.0
22.35,58.39,3.13,0.25,0.195,0.0
22.01,93.39,2.07,0.0,0.0,0.166
22.67,76.05,8.1,0.0,3.149,32.473
28.35,80.33,4.01,262.26,22.29,1.812
25.72,77.58,9.47,0.0,2.07,43.744
21.6,79.37,3.57,0.0,0.0,4.006
34.91,77.0,1.64,402.89,35.62,2.514
27.15,64.69,6.37,347.45,30.845,15.911
15.42,87.56,7.91,0.0,0.0,27.367
24.42,69.05,4.18,25.39,1.606,1.068
30.85,57.1,6.01,611.19,50.65,8.777
21.76,75.56,0.98,0.0,0.693,2.282
30.54,57.34,2.23,692.21,61.308,3.212
26.29,54.76,3.93,951.36,79.8,0.057
17.88,65.76,6.38,6.0,1.924,8.504
36.85,,0.98,828.67,72.38,0.0
25.53,77.28,0.71,300.95,26.752,0.0
23.33,98.3,9.67,41.5,2.393,48.745
19.34,79.47,7.78,166.57,18.401,25.265
28.23,52.32,3.73,781.23,69.908,2.229
23.9,76.99,5.24,5.55,0.269,5.114
28.06,84.03,8.34,298.42,29.036,31.405
22.62,71.14,10.46,6.69,1.207,63.672
27.29,78.39,4.72,370.21,36.817,0.0
22.88,56.9,9.17,0.0,0.0,43.653
26.15,81.06,2.42,286.17,27.452,0.0
17.0,81.41,4.08,14.97,3.687,0.0
27.99,60.94,7.49,7.54,0.0,20.691
25.41,70.17,7.63,12.81,3.515,24.11
20.5,69.69,7.09,5.61,0.0,19.085
20.43,51.28,16.25,2.59,1.261,99.438
19.92,67.42,5.2,0.0,3.328,7.444
22.88,82.69,1.58,12.2,0.574,0.0
21.8,84.68,2.32,15.37,0.588,0.0
26.38,72.26,9.37,160.1,15.102,45.244
22.82,86.42,9.14,94.14,6.137,43.357
25.75,65.22,7.28,271.5,30.054,19.947
28.77,74.67,1.55,0.0,0.0,1.321
19.34,89.99,8.78,1.14,3.403,35.668
26.72,72.45,7.41,7.26,0.036,20.735
24.41,88.72,5.71,0.0,0.068,7.226
31.77,57.12,8.9,473.16,44.643,39.072
26.81,42.92,3.21,927.56,79.367,0.0
31.99,64.65,8.64,821.69,70.148,38.398
26.95,76.41,4.95,357.0,34.719,4.313
24.57,78.78,2.27,138.04,12.751,1.596
29.11,68.06,9.89,885.75,74.993,51.686
25.87,77.69,5.83,10.94,3.286,12.351
30.27,75.53,5.79,306.88,30.892,11.942
31.75,44.96,2.91,495.51,48.207,0.0
22.58,60.82,5.59,0.0,0.0,9.011
23.63,68.49,4.59,238.57,21.615,6.511
21.85,80.73,6.52,0.0,0.0,14.994
33.54,65.89,10.61,294.31,28.257,62.554
21.61,66.69,4.77,0.0,0.0,4.809
24.07,49.96,6.79,8.64,0.0,14.824
28.36,74.34,8.63,315.62,27.691,34.85
29.99,39.42,3.24,768.8,66.377,0.0
24.87,64.33,2.91,0.0,1.769,0.746
29.14,77.72,9.99,329.02,31.756,50.823
22.49,71.24,17.12,11.84,0.201,95.223
21.94,73.71,9.39,0.0,0.0,44.395
32.21,54.69,7.12,781.04,62.645,18.169
21.86,77.18,0.51,16.24,0.678,0.0
27.68,67.14,4.48,540.89,51.4,1.781
18.59,68.44,2.43,5.65,0.0,1.556
28.91,72.36,10.12,296.44,25.213,58.35
26.92,61.75,7.37,358.86,36.224,15.971
19.55,77.9,10.7,5.7,0.0,68.195
22.16,89.09,3.35,0.0,3.092,3.161
32.57,71.29,6.37,429.18,44.197,13.599
23.97,86.46,4.99,8.7,0.622,6.377
25.52,72.0,2.3,0.0,2.488,1.128
26.15,56.41,6.1,699.48,59.58,9.373
19.78,62.38,8.71,1.46,0.0,37.063
19.32,84.09,6.77,0.0,0.0,17.385
26.73,82.34,10.74,180.95,18.626,68.689
19.42,80.18,6.14,22.32,2.206,11.074
22.19,57.74,3.52,27.37,2.347,0.857
21.56,65.67,2.37,15.14,0.0,0.0
31.1,65.29,6.75,435.37,39.132,16.862
23.36,73.14,3.36,326.08,29.422,0.0
30.69,59.24,10.3,8.35,0.0,57.76
21.63,87.22,11.23,4.94,0.0,81.266
26.58,85.01,7.48,8.1,1.159,22.661
26.65,60.72,6.0,456.58,40.704,9.723
29.26,63.34,0.98,398.99,36.599,0.0
31.88,60.97,0.89,842.48,68.642,0.0
26.25,59.87,8.5,21.88,3.143,31.947
27.55,66.16,6.21,271.29,25.906,12.907
30.18,87.52,8.19,216.06,19.353,28.09
15.8,88.78,1.33,7.15,1.035,0.0
24.97,74.3,2.77,0.0,1.868,0.0
31.7,71.94,9.06,670.28,55.413,38.989
24.01,70.12,5.95,382.81,35.924,10.713
27.39,75.02,6.84,0.0,0.0,14.193
36.83,51.32,8.48,711.52,61.325,30.304
14.79,74.71,3.9,0.0,0.0,3.486
27.69,82.6,3.57,301.3,27.688,3.263
22.61,87.35,5.51,12.8,2.938,8.566
24.35,64.58,1.46,0.0,1.637,0.0
30.94,82.31,12.48,284.67,28.084,93.516
35.72,54.67,6.04,798.85,67.201,11.665
26.97,66.25,1.52,260.08,25.872,0.0
37.0,69.46,3.9,471.96,42.275,3.608
24.61,89.19,7.5,1.64,0.0,24.425
26.41,77.05,6.8,326.36,30.484,17.107
21.99,,6.21,11.38,0.865,11.21
26.08,,13.23,64.95,8.996,95.457
17.64,84.74,1.51,6.75,2.29,0.0
20.91,65.82,8.55,0.0,0.0,34.332
19.82,70.72,1.61,38.31,2.986,0.0
24.09,68.56,3.69,0.0,1.915,0.0
20.47,74.17,5.43,3.05,2.982,12.419
16.53,77.69,5.77,8.5,1.482,10.763
24.23,79.66,7.13,0.0,1.317,17.391
19.54,80.71,4.93,0.12,2.618,9.487
28.21,71.63,2.22,0.0,0.0,0.0
21.63,94.41,6.99,0.0,0.167,19.694
25.04,82.57,5.11,6.58,1.608,6.219
27.69,77.59,7.34,208.37,18.629,19.829
36.49,49.34,7.32,940.65,81.931,19.304
22.62,85.57,4.19,11.89,0.279,5.53
22.2,72.57,7.26,9.59,1.066,22.179
25.2,68.5,5.07,0.0,3.833,5.639
36.52,90.19,10.68,296.78,22.435,61.135
25.05,65.34,6.31,273.49,26.342,13.361
31.16,44.98,4.45,559.29,49.273,0.918
22.33,64.68,3.3,17.92,1.772,1.583
30.89,50.4,1.81,488.46,42.047,0.0
21.09,71.4,3.32,7.87,0.037,0.0
15.27,67.24,2.87,0.0,0.05,0.0
21.36,73.0,5.34,14.93,1.949,9.258
24.09,61.78,1.27,0.0,1.791,0.0
18.88,87.2,0.51,0.0,0.0,1.476
25.77,63.16,3.09,78.53,7.36,0.825
24.3,60.54,6.89,14.64,1.092,16.944
20.41,76.28,9.31,0.0,0.0,44.091
33.66,69.45,3.63,616.19,53.698,2.119
25.74,64.68,3.44,0.0,0.0,0.0
22.55,86.47,6.37,0.0,0.0,12.336
24.18,75.02,5.5,0.0,0.434,8.047
22.51,69.37,10.74,0.0,0.0,72.921
15.89,83.15,6.26,0.0,0.805,9.764
26.16,70.74,5.33,379.84,33.314,8.045
17.78,71.65,6.85,0.0,1.385,16.827
24.57,71.34,4.09,8.67,0.736,1.912
29.55,67.11,7.97,356.15,32.749,23.76
33.04,67.11,8.91,458.65,40.464,34.101
22.09,84.42,1.53,0.0,0.0,0.68
24.02,94.3,6.77,27.84,2.199,13.621
18.57,62.41,8.42,0.0,2.363,35.152
30.01,57.58,2.39,634.56,53.478,0.0
19.12,60.43,2.76,1.58,0.0,1.102
24.68,75.28,6.85,258.87,26.521,15.623
27.86,49.23,7.12,4.43,2.074,17.542
31.54,64.98,6.14,422.01,40.868,9.533
22.82,86.84,10.1,1.0,0.0,58.312
20.77,72.56,0.97,1.22,0.0,1.431
19.83,68.95,4.96,0.0,0.0,4.868
25.56,82.61,4.03,174.42,15.86,3.372
33.41,69.33,4.57,511.25,46.704,3.797
29.4,48.75,6.76,431.7,39.384,13.132
27.55,41.47,4.8,880.43,77.088,5.466
20.82,79.84,8.3,0.0,0.794,30.844
16.21,66.38,6.61,0.0,0.055,10.064
24.52,72.66,2.96,0.0,0.0,0.0
21.13,62.6,2.36,0.0,0.0,0.0
26.62,70.09,3.4,611.1,56.774,0.0
29.62,54.59,2.77,369.84,36.35,0.0
24.6,65.11,4.69,0.0,0.0,4.167
31.12,66.26,3.87,557.53,48.788,0.05
36.52,65.63,4.43,583.21,51.829,4.325
30.14,74.74,6.06,301.11,25.338,10.688
18.3,64.24,2.19,0.0,0.73,0.0
31.04,59.08,2.64,563.11,49.711,0.087
22.74,61.3,3.31,10.74,0.0,2.942
29.16,81.55,9.9,207.69,22.799,48.48
20.86,90.66,4.26,6.37,0.0,5.506
28.05,76.45,4.86,278.16,26.822,3.69
19.58,63.1,11.49,0.0,0.0,84.639
23.18,77.1,4.02,0.0,3.105,1.364
25.99,67.7,5.38,234.6,26.099,5.51
17.64,82.72,9.52,7.29,0.0,46.606
29.7,82.04,9.23,545.13,47.914,44.216
23.25,67.82,10.86,0.0,2.656,72.046
24.1,61.79,3.8,129.9,11.673,0.0
26.55,57.56,4.06,696.73,63.344,3.607
20.77,72.05,2.83,0.0,0.0,1.057
22.47,41.04,4.6,7.81,0.0,1.073
22.0,70.93,6.03,0.0,0.61,11.408
29.11,72.45,8.49,379.59,33.502,33.972
20.07,76.36,11.39,0.0,0.0,80.528
21.32,62.09,6.25,3.95,0.0,13.041
23.23,78.41,3.03,99.07,10.865,0.0
24.03,78.87,9.85,3.03,0.0,54.056
24.32,68.93,5.85,2.7,3.346,8.023
27.49,59.75,1.18,0.0,0.0,2.084
24.85,82.92,8.29,0.0,1.601,30.407
27.33,58.51,6.65,0.0,1.404,13.834
27.63,58.96,7.87,0.0,0.0,24.464
28.07,77.47,1.21,30.98,1.805,1.748
26.24,48.88,5.67,599.04,53.993,7.346
33.03,56.67,6.74,635.37,55.117,17.594
31.59,58.09,4.93,386.47,32.722,5.574
27.49,57.79,0.71,0.0,1.068,0.0
18.84,78.92,7.96,16.11,0.219,27.762
24.85,72.68,3.97,0.0,0.0,2.118
22.98,67.64,8.47,0.0,2.013,30.358
28.65,62.99,8.51,12.22,2.324,33.107
25.39,60.03,3.9,424.25,38.312,2.927
17.85,78.18,5.08,21.11,4.182,8.337
21.1,54.94,10.22,313.26,31.602,61.984
24.27,66.94,6.77,0.0,0.0,20.917
29.75,72.96,6.57,0.7,0.0,14.327
23.23,63.63,2.59,2.2,2.219,1.108
20.93,84.6,5.47,0.0,1.557,6.648
25.31,69.13,8.87,14.05,0.0,41.894
19.79,84.97,2.72,3.1,0.0,0.0
31.44,76.2,3.36,538.91,48.989,4.294
27.61,59.75,5.36,286.78,24.611,10.579
18.07,78.39,4.95,0.93,1.703,3.904
23.61,56.95,1.71,0.0,3.872,2.073
32.12,74.61,11.94,408.41,37.38,93.77
32.68,44.37,3.21,636.82,54.814,0.0
30.9,85.53,6.48,265.52,24.519,13.363
22.89,77.72,6.17,28.2,4.818,12.441
24.82,75.53,6.26,8.58,1.031,13.146
31.92,70.51,11.33,396.79,36.764,82.171
22.11,56.28,13.38,9.68,0.0,98.736
21.54,68.72,7.42,16.88,0.221,20.38
28.23,79.53,3.05,375.68,36.082,1.567
24.68,58.84,8.32,449.59,40.526,27.683
21.7,66.05,3.21,0.0,0.0,0.0
32.4,52.62,5.56,463.33,41.345,7.452
19.38,77.68,4.21,0.0,0.628,4.066
24.14,79.63,2.12,3.31,2.438,3.542
26.08,47.94,4.56,446.14,45.058,4.269
17.11,81.85,2.29,0.0,0.169,0.0
29.75,,0.49,24.31,3.657,0.0
27.57,78.93,1.82,566.19,50.806,1.67
19.07,84.88,5.66,10.3,1.723,8.537
29.95,62.93,4.57,574.89,51.05,2.832
30.22,73.39,3.12,456.15,41.812,2.098
30.6,78.25,10.07,335.29,29.007,57.826
26.89,69.19,1.68,0.0,3.96,0.0
18.19,87.31,10.21,8.47,0.0,57.336
27.46,52.09,10.33,546.27,51.162,60.479
29.29,67.68,5.07,167.13,16.373,3.505
26.78,69.35,1.35,0.0,0.743,0.0
23.41,79.32,10.46,34.89,1.021,61.838
30.02,66.38,9.91,774.31,63.876,55.025
32.93,75.77,3.62,508.81,46.052,2.432
25.73,50.18,3.4,0.0,2.682,5.603
29.09,54.4,4.89,324.02,30.7,3.774
21.31,87.14,1.45,128.87,14.003,2.66
20.81,91.56,2.7,0.0,0.0,0.987
35.13,56.13,11.27,686.92,60.134,75.976
16.75,87.95,4.96,0.0,2.451,5.25
25.11,68.34,6.27,401.01,36.661,11.35
20.88,74.73,4.96,0.0,2.371,5.999
29.56,55.14,1.87,689.29,57.949,1.973
22.88,74.34,5.11,0.53,0.0,5.36
24.67,71.04,1.95,0.0,1.092,1.697
24.43,67.94,6.93,0.0,3.806,19.912
24.94,68.86,13.3,181.03,17.334,99.654
22.21,69.51,4.12,0.0,0.0,0.107
22.53,74.96,2.69,22.7,5.982,0.0
18.51,92.6,6.2,115.43,10.939,13.66
24.84,67.72,10.26,0.0,1.33,57.605
20.93,66.65,4.29,0.0,0.0,0.358
19.41,85.04,10.11,0.0,0.285,58.196
24.87,60.5,1.46,19.62,0.802,0.0
22.72,71.98,14.73,37.1,8.147,97.047
33.03,55.4,5.07,840.15,74.332,4.792
30.45,60.06,6.83,498.73,48.602,20.559
30.66,63.5,7.96,749.47,63.683,25.746
34.98,61.94,4.19,514.7,41.775,3.72
24.74,82.6,6.05,23.55,1.685,12.092
32.08,64.83,7.58,670.08,63.568,19.333
24.25,65.85,5.92,2.16,0.0,13.227
29.5,55.22,7.02,841.68,75.354,19.092
28.8,63.36,4.67,0.0,0.0,4.52
18.17,78.09,5.78,4.38,0.0,11.776
22.16,71.85,3.54,0.0,0.0,0.907
31.53,45.61,2.71,887.01,80.816,1.764
29.35,59.99,11.65,501.85,47.749,83.363
30.1,77.54,9.18,725.46,58.701,43.407
21.63,61.09,11.79,0.0,1.333,92.883
34.74,51.78,1.7,767.04,63.731,0.399
18.4,67.6,12.98,2.75,0.0,97.151
25.71,71.53,4.86,0.0,1.021,4.556
25.5,69.66,12.68,137.51,15.973,95.989
29.69,48.6,3.66,708.38,65.749,0.0
22.51,79.06,1.05,6.62,1.31,0.717
22.38,66.84,5.99,0.0,0.691,13.944
20.54,69.6,9.5,135.63,15.954,45.044
23.9,65.78,6.26,299.72,25.276,13.405
32.22,57.85,2.82,630.15,59.279,0.0
25.62,57.41,3.35,0.0,0.0,0.0
30.38,59.86,2.8,510.06,46.565,0.15
18.84,87.1,8.91,0.0,0.0,39.659
19.55,100.0,6.14,0.0,0.0,12.18
30.83,66.52,1.08,784.82,68.714,0.0
24.43,84.77,4.41,416.39,38.707,5.515
22.8,64.08,7.26,9.5,0.728,20.531
24.93,77.4,4.8,0.0,0.0,5.927
30.23,68.81,7.21,482.15,46.444,21.888
29.63,77.82,6.3,158.29,19.159,8.652
18.83,77.14,4.05,15.83,4.076,3.546
18.71,77.94,3.11,0.0,0.555,0.0
23.05,74.17,7.4,0.0,0.0,23.623
24.39,77.97,7.56,116.64,12.433,21.422
23.2,47.94,14.17,495.84,48.036,99.105
27.97,57.49,3.95,258.46,25.935,0.0
23.23,76.43,13.29,0.0,0.0,98.027
13.84,85.97,4.36,0.82,1.783,3.864
29.51,67.18,6.51,571.26,54.168,13.636
28.94,48.03,0.88,815.71,69.872,0.0
26.25,72.17,11.7,317.64,30.981,88.461
16.13,83.31,1.78,9.72,0.0,1.846
21.62,81.07,2.78,3.38,0.123,2.976
27.0,68.86,6.67,0.0,0.0,19.099
29.65,69.65,6.72,512.47,45.322,16.553
17.53,74.69,8.97,120.21,11.182,41.036
26.09,77.35,5.4,215.97,21.141,8.278
27.77,89.28,5.71,314.36,30.504,12.834
23.79,77.19,15.32,259.87,26.983,98.083
23.24,80.99,5.28,0.0,0.0,7.031
30.66,60.15,6.79,429.88,39.875,15.422
19.72,71.4,10.09,0.0,0.0,57.581
18.44,55.44,10.06,0.0,0.0,58.351
22.22,58.46,5.62,457.26,43.165,7.142
24.51,46.16,6.2,324.65,29.265,10.781
28.71,69.9,4.49,459.5,42.831,3.426
26.83,75.22,4.95,310.83,28.548,4.416
25.18,70.76,11.7,287.36,27.351,90.51
22.27,80.69,6.23,6.52,3.087,13.641
26.85,63.99,8.61,214.68,19.502,35.079
30.79,78.67,1.64,456.34,42.478,0.98
26.41,57.56,2.83,0.0,2.886,0.235
21.86,65.29,3.55,132.84,15.734,0.0
28.93,57.71,5.14,882.37,76.033,4.329
30.89,52.69,2.13,923.56,77.187,1.415
30.6,51.04,2.25,885.85,75.082,0.0
14.55,76.87,5.93,0.0,0.0,12.384
27.18,69.89,6.43,392.86,37.576,15.263
25.85,91.9,8.08,74.7,8.568,27.781
26.99,83.23,11.17,171.17,16.289,75.854
22.0,82.06,6.4,0.0,0.0,13.526
30.23,63.07,7.66,641.46,56.069,23.468
24.83,82.18,10.92,42.44,6.843,73.791
21.96,79.18,4.12,188.42,19.28,0.0
23.99,75.92,6.87,244.13,24.679,15.44
26.77,68.51,5.59,0.0,6.616,6.315
25.95,56.78,2.41,259.07,25.324,0.0
18.29,73.98,3.09,0.0,0.0,0.0
24.96,71.6,3.56,6.41,0.0,0.0
23.54,78.67,3.12,180.16,17.794,0.0
19.66,62.66,11.99,0.0,0.037,97.159
29.6,54.89,2.99,854.42,73.871,0.907
24.88,56.92,7.54,20.15,1.675,22.319
20.64,91.92,2.34,0.0,0.0,0.0
25.04,83.89,10.32,0.0,0.748,61.551
19.48,100.0,10.45,18.79,4.613,69.307
21.94,64.7,12.32,0.0,3.465,99.798
27.44,77.8,7.73,5.02,3.89,25.882
25.25,83.72,5.79,12.62,0.0,9.074
28.99,68.53,10.2,473.81,42.889,56.974
19.29,60.44,9.5,0.0,0.0,46.902
20.78,77.65,5.76,117.99,12.658,9.931
25.85,75.0,5.94,250.99,23.413,8.094
21.99,82.28,7.23,0.0,0.0,20.622
20.92,62.73,2.46,0.0,2.909,0.0
29.57,65.94,2.73,158.43,15.133,0.0
18.9,60.14,3.43,2.88,0.539,0.0
19.45,52.84,2.01,0.0,0.826,2.502
27.23,74.42,8.59,307.41,29.878,34.555
23.84,79.3,8.07,2.34,1.592,21.369
14.06,68.55,3.23,16.11,4.744,0.0
15.4,89.47,3.38,0.0,0.0,2.485
26.81,47.96,10.84,437.31,41.507,69.828
27.96,60.88,7.36,14.2,1.173,21.945
38.2,50.29,1.91,931.79,76.597,0.0
22.22,64.06,4.35,0.0,1.516,3.538
21.21,74.92,6.78,0.0,2.593,16.447
24.62,72.52,8.1,282.58,25.448,27.418
22.35,79.07,5.69,0.0,3.374,10.163
26.05,75.01,3.47,17.99,0.0,3.907
28.48,78.4,2.9,170.37,17.126,0.769
29.66,52.16,6.26,611.65,53.214,12.412
19.88,88.08,11.14,3.5,0.0,76.619
27.19,58.23,5.8,365.05,34.201,11.359
33.36,74.01,7.1,335.77,29.458,17.298
20.85,76.74,1.63,14.79,0.0,1.121
22.15,58.32,6.26,416.93,40.718,14.065
21.76,78.28,5.08,1.81,1.738,7.933
22.62,67.77,1.94,3.08,0.0,2.012
22.66,72.67,4.04,243.99,22.809,4.162
33.19,62.57,6.3,935.33,77.782,9.809
25.47,52.2,11.72,2.4,0.0,88.061
28.85,60.05,2.9,13.39,0.0,0.0
25.45,75.11,5.41,387.58,37.456,4.551
26.43,76.91,4.29,154.18,16.73,5.999
24.4,78.23,4.2,15.49,2.696,0.7
24.13,67.93,6.93,0.0,0.759,15.163
20.7,59.71,14.46,3.71,1.936,97.947
25.17,81.79,6.07,305.27,29.837,9.663
31.32,58.06,8.18,748.31,63.693,33.495
24.14,53.85,3.66,0.0,0.445,0.704
20.03,66.88,3.77,24.71,1.867,2.423
27.54,74.19,1.75,30.26,2.337,0.0
26.91,51.64,4.45,477.2,46.486,0.128
19.62,77.19,15.41,222.98,24.671,96.965
21.36,83.1,9.51,0.0,0.0,46.449
24.47,70.37,7.31,0.0,0.0,19.22
23.63,62.65,2.67,0.0,0.0,0.0
30.78,60.45,5.58,438.25,42.168,8.43
32.72,71.62,8.27,472.14,39.092,29.156
26.55,47.51,5.68,620.7,50.739,5.744
22.59,68.39,4.41,156.47,16.793,3.563
26.21,78.15,8.23,32.31,5.031,31.523
14.21,82.56,9.19,19.21,0.0,46.49
22.34,73.95,5.79,16.28,1.349,4.736
27.43,49.88,2.75,3.39,3.393,0.0
27.82,69.17,9.1,141.83,11.304,38.168
23.43,81.38,4.96,1.09,0.308,4.109
25.5,68.94,7.43,31.58,4.083,24.543
23.17,64.24,8.51,287.4,24.562,32.269
27.33,56.77,3.95,0.0,0.0,1.007
17.02,82.83,5.61,16.61,0.0,7.097
25.03,61.72,2.28,341.18,31.819,3.252
27.95,76.01,5.98,326.17,28.482,5.939
20.98,82.84,4.94,67.24,6.961,4.274
20.7,78.92,10.36,0.0,1.27,60.833
29.28,49.8,13.04,452.58,44.474,91.837
27.86,64.13,3.49,16.56,6.266,3.086
22.9,62.51,6.13,0.0,0.415,8.014
30.81,56.08,8.93,952.72,80.477,37.266
24.5,63.14,5.34,1.52,0.0,6.956
20.46,69.73,11.73,34.89,1.524,90.084
22.93,88.1,8.33,4.78,1.36,28.084
27.05,73.02,4.84,344.2,30.863,4.528
30.84,71.42,5.59,422.03,39.133,6.68
23.48,71.6,3.32,496.97,43.981,2.171
23.08,67.31,1.03,610.27,54.848,1.032
16.04,83.64,4.33,0.0,0.865,7.059
29.24,62.56,8.48,0.0,0.0,32.864
28.13,48.28,4.61,805.81,67.465,5.158
24.74,61.21,5.55,0.0,0.0,7.472
28.02,77.77,2.88,437.3,38.067,3.423
29.71,64.73,1.66,638.87,59.006,0.021
31.39,58.49,8.56,826.61,73.219,33.141
27.66,63.22,4.51,1.45,0.0,4.714
24.77,79.12,4.43,0.0,1.603,2.109
25.13,58.31,2.99,0.0,0.779,0.0
34.75,56.96,1.18,587.14,48.61,1.08
21.63,58.33,5.72,0.16,1.773,10.68
30.56,74.76,9.66,393.06,33.002,49.939
32.83,57.48,6.15,487.92,46.076,11.204
23.77,72.12,8.03,4.02,0.0,28.583
22.48,89.77,8.62,3.92,0.0,37.035
23.7,73.17,3.63,192.42,22.638,0.0
20.4,60.31,6.12,36.32,0.53,11.698
26.44,65.61,4.95,270.6,23.88,0.0
29.18,41.72,9.53,823.72,71.532,48.417
33.06,55.7,10.07,826.89,70.004,53.377
30.23,67.29,8.09,628.96,56.99,26.554
33.23,67.22,10.85,839.07,71.229,68.907
31.2,41.69,4.56,613.71,57.262,5.002
28.23,43.13,5.87,795.23,71.473,14.624
26.86,65.39,4.41,494.08,41.828,0.208
20.87,97.6,8.59,0.0,1.1,33.223
27.77,73.68,1.1,468.65,43.001,0.457
24.63,75.24,2.66,290.06,25.999,0.0
27.78,58.36,7.16,13.1,5.422,20.842
15.73,66.0,3.57,2.95,1.517,0.743
27.14,78.64,2.6,23.41,4.126,1.771
23.98,76.73,11.39,113.88,12.9,82.223
24.07,75.88,6.56,7.86,0.0,15.61
25.17,65.92,0.46,28.24,4.021,0.0
24.72,61.09,9.06,0.0,0.632,44.646
27.3,62.74,6.94,0.95,0.0,13.899
20.36,73.54,2.09,0.0,0.0,0.0
21.73,64.19,7.35,23.16,2.343,18.394
21.27,58.87,4.25,0.04,1.178,4.458
23.4,54.79,6.0,488.8,45.811,11.878
18.29,88.94,6.97,8.82,0.504,15.682
26.86,70.42,95.0,0.0,0.055,2.75
21.23,81.87,7.73,8.0,0.21,23.642
28.59,63.89,3.78,6.21,3.698,2.299
30.3,70.38,6.69,145.23,14.163,16.431
29.42,95.43,7.42,8.49,0.0,20.9
33.47,61.48,2.71,338.81,27.201,1.82
30.99,78.24,4.87,144.31,13.018,4.658
23.13,79.54,0.92,0.0,0.0,0.677
23.3,71.12,6.63,42.93,2.965,14.581
29.88,67.86,3.59,414.64,39.616,0.0
26.44,94.46,9.11,177.92,16.715,40.991
22.75,70.51,8.03,0.0,0.0,26.338
32.48,62.78,2.82,630.86,56.632,2.785
25.39,63.01,10.03,334.21,28.275,52.99
18.16,71.85,5.17,0.0,1.387,8.917
29.82,82.82,2.12,253.32,22.298,0.0
26.89,66.81,1.63,416.71,38.604,0.812
23.12,49.52,6.93,198.61,19.338,14.712
22.09,73.4,6.46,0.3,0.0,13.283
21.16,62.14,2.48,2.39,0.657,0.0
27.18,66.85,4.28,3.48,0.501,7.115
21.39,73.18,2.08,5.05,4.237,0.0
26.57,85.24,2.79,107.69,10.628,2.307
21.98,68.93,9.31,16.42,2.114,47.031
29.3,53.61,8.94,602.72,52.859,40.784
21.56,75.48,9.92,0.0,0.762,53.32
17.25,66.13,7.6,0.0,0.0,27.596
30.33,68.38,4.06,579.18,53.763,6.248
24.06,62.57,3.33,0.0,0.0,1.304
24.53,84.05,2.85,0.0,0.0,0.0
16.58,84.39,9.35,13.77,0.0,44.419
23.4,56.81,2.5,471.77,45.045,0.944
26.11,62.63,5.65,407.96,37.071,8.823
26.21,74.69,4.13,1.51,1.518,2.817
26.82,55.31,2.0,244.26,21.293,0.0
20.01,72.78,8.59,0.0,1.063,35.132
16.49,85.55,6.61,4.58,1.616,17.582
21.35,56.16,10.15,0.0,0.424,60.276
19.91,74.27,6.34,0.0,0.062,12.371
22.85,63.73,10.27,0.0,0.274,60.243
25.01,57.21,4.85,0.0,0.0,1.994
18.86,76.97,3.36,0.0,0.0,0.0
24.02,70.63,4.1,11.84,2.246,1.701
25.21,57.82,3.61,0.0,0.0,2.394
22.2,60.67,11.03,223.93,22.584,73.911
25.54,68.77,6.33,250.23,26.762,10.81
23.44,61.99,6.19,0.0,0.0,13.537
23.33,54.14,8.15,12.56,0.048,28.536
26.54,36.38,2.63,831.63,73.704,0.0
21.01,87.06,3.91,0.0,0.078,3.507
25.78,57.43,2.35,0.0,1.228,0.918
25.74,86.51,4.3,0.9,0.03,2.547
24.97,61.09,1.48,338.14,36.057,0.0
19.97,77.81,11.97,0.0,0.842,98.369
31.08,55.53,6.34,789.23,70.228,13.769
24.25,64.24,8.14,0.0,0.0,29.633
22.16,74.08,15.46,0.0,2.024,97.818
30.82,65.16,3.66,428.69,38.456,0.015
19.84,,3.62,0.0,0.0,0.088
31.24,68.38,5.36,599.85,54.751,6.718
24.49,78.86,5.88,333.68,30.987,8.097
22.71,78.67,4.38,4.42,0.923,1.098
26.86,69.7,3.87,0.0,1.964,1.575
19.22,57.78,1.67,0.0,0.278,1.979
28.92,59.65,5.87,517.88,46.709,5.66
19.72,61.43,9.97,0.0,0.0,54.965
31.21,62.06,2.8,619.65,56.956,0.545
32.26,52.74,8.54,515.01,45.662,35.25
25.03,56.88,6.83,170.23,16.346,20.155
21.91,71.24,0.99,0.0,0.574,0.0
24.35,54.46,6.65,3.52,0.914,19.151
23.03,71.44,13.22,0.0,2.027,98.199
27.68,67.9,9.11,204.22,19.122,42.724
25.24,71.88,3.18,16.0,4.308,0.0
22.66,67.52,6.33,717.75,64.309,13.852
32.16,60.79,4.74,924.43,78.959,6.219
23.58,62.75,1.3,336.96,31.565,0.0
18.84,67.64,5.33,42.35,8.408,1.984
25.07,74.44,7.94,0.0,0.0,27.251
20.61,76.45,8.69,0.0,0.0,35.816
27.12,62.83,4.07,13.52,1.543,4.968
19.07,75.58,3.06,11.29,0.588,0.0
20.6,58.29,3.04,7.31,1.361,0.0
32.12,73.79,11.48,416.36,39.791,80.134
24.64,47.34,7.63,195.14,19.268,22.428
24.56,54.87,10.12,23.84,2.722,62.794
19.91,68.19,3.29,0.0,0.0,0.0
19.72,92.26,4.9,18.69,0.814,2.559
20.62,74.12,1.89,0.0,0.193,0.0
29.39,66.97,1.31,510.15,45.998,3.949
27.09,76.34,8.16,179.08,19.215,30.587
30.35,66.28,0.76,227.66,19.283,3.105
21.67,68.04,3.0,4.76,3.38,0.0
25.89,62.3,2.24,371.61,34.447,0.0
18.78,82.08,4.8,0.0,0.297,3.969
24.73,86.24,6.66,0.0,0.0,15.043
23.47,79.73,11.6,0.0,1.124,87.734
17.86,85.26,2.94,7.43,0.0,0.0
24.94,75.85,5.93,631.44,57.449,11.516
26.89,44.83,3.54,579.26,53.806,0.0
28.95,72.32,7.63,272.11,24.573,21.508
32.04,50.55,2.91,867.27,70.493,0.0
27.66,,0.74,287.44,31.132,0.41
20.66,75.08,3.12,24.69,0.326,0.412
35.38,65.05,4.07,615.42,53.897,4.396
29.33,55.19,2.01,263.45,23.292,3.094
26.26,47.17,3.74,258.31,26.853,0.0
28.73,91.77,10.28,196.86,17.384,59.431
18.9,61.34,4.37,0.0,0.0,2.856
23.63,52.71,5.75,0.0,1.19,6.225
22.57,73.48,4.29,8.28,0.0,1.904
31.28,50.04,1.53,572.52,50.636,3.133
22.84,65.5,4.99,410.07,39.921,4.303
29.48,41.95,4.33,692.58,65.177,1.431
25.06,54.57,13.43,0.0,0.0,96.522
22.52,74.85,7.54,16.87,0.429,24.858
26.72,74.22,2.55,0.0,0.704,0.0
23.66,80.12,2.07,0.0,0.0,0.255
20.82,83.86,3.31,0.0,2.715,0.0
28.12,58.69,6.41,279.46,24.263,14.446
20.32,85.83,2.21,0.0,0.0,0.442
23.37,59.72,4.43,0.0,0.522,5.201
24.83,63.88,4.07,0.0,0.102,0.0
23.52,65.43,4.37,6.83,0.0,2.629
28.1,71.66,3.23,274.12,28.951,2.313
33.33,64.25,2.94,593.86,46.992,0.0
24.12,71.3,4.76,21.1,0.0,4.704
23.83,94.24,0.62,2.82,0.0,0.0
29.65,78.81,7.21,0.0,0.0,18.644
22.55,77.26,3.24,24.36,4.819,2.745
26.1,56.84,4.18,319.91,26.892,0.0
30.51,67.86,6.17,283.39,29.269,11.491
21.78,75.52,2.81,0.0,0.0,0.504
21.88,91.43,6.3,0.0,0.0,14.693
27.96,70.66,2.66,0.0,0.0,0.0
15.76,71.65,11.7,0.0,0.0,94.329
25.32,74.08,5.99,10.96,0.0,10.559
26.97,64.28,7.18,0.0,0.473,19.646
33.59,58.05,6.9,771.84,65.51,16.804
21.92,83.77,5.69,0.0,1.912,10.334
28.82,64.35,8.35,601.84,53.563,32.202
22.02,76.47,0.66,1.09,0.0,0.0
31.8,69.26,6.47,518.99,48.096,13.988
25.25,51.71,9.4,0.0,0.456,46.674
23.27,73.05,9.67,5.83,2.12,53.013
25.52,69.81,6.52,20.86,4.324,12.191
23.92,73.02,4.1,0.0,0.0,3.479
22.97,68.19,4.64,1.33,0.208,3.473
19.53,75.2,4.3,14.37,3.113,3.413
23.66,73.12,8.19,0.0,0.0,27.647
37.95,62.42,2.28,882.19,72.774,0.0
26.9,73.93,8.0,257.9,23.673,28.01
24.69,81.58,3.97,0.0,0.748,0.076
20.64,74.72,5.78,2.53,0.0,12.461
27.51,59.8,3.95,340.67,34.011,0.0
20.05,84.12,7.41,8.33,0.0,23.001
32.38,61.1,9.58,407.43,35.997,42.441
32.46,71.89,5.56,332.58,28.821,7.506
21.75,73.59,8.53,20.73,4.498,35.042
25.11,71.59,4.1,31.16,0.0,3.813
28.03,59.68,4.9,19.2,5.436,4.875
22.39,66.5,5.08,0.0,2.947,5.495
20.93,73.51,4.71,6.77,0.0,5.612
32.13,71.37,7.17,641.57,58.003,20.852
26.88,62.43,7.28,482.15,44.515,23.027
23.59,73.88,6.02,0.0,3.306,8.305
27.04,89.38,10.1,0.0,1.901,56.194
20.18,77.38,8.53,0.0,4.386,29.947
31.31,61.92,2.11,504.2,42.163,0.0
24.57,67.8,7.95,4.32,0.806,25.687
29.56,66.84,4.91,588.33,49.008,6.842
20.83,84.74,9.15,3.25,0.0,41.555
27.22,60.2,0.48,6.07,5.091,0.0
23.78,57.19,3.14,7.94,1.723,0.828
23.14,90.73,6.66,0.0,1.969,14.002
27.29,48.4,5.86,1.24,1.15,5.843
30.42,62.25,7.06,705.58,62.832,16.63
19.51,66.54,5.37,2.13,0.0,7.143
28.7,65.06,8.99,0.64,0.0,40.189
21.55,68.73,1.92,1.54,0.0,0.0
32.19,74.63,10.15,341.96,25.467,57.355
20.42,81.7,10.57,76.5,7.298,68.434
21.64,100.0,4.91,3.13,0.782,7.485
26.7,63.67,3.57,565.0,50.057,1.396
32.05,67.89,13.04,784.77,67.074,92.138
19.5,63.96,6.0,0.0,1.05,8.474
25.34,83.37,9.54,247.55,24.923,45.448
20.18,79.99,2.33,8.76,0.0,0.0
15.14,74.53,1.84,0.0,0.0,0.199
17.77,79.49,2.3,0.0,1.506,3.775
23.26,92.96,11.74,8.86,2.031,91.456
21.37,85.02,9.65,1.8,2.865,50.023
17.72,72.81,9.2,0.0,2.606,45.706
26.24,63.31,6.91,186.33,22.616,15.486
20.27,73.38,4.35,0.0,0.0,5.278
31.96,67.42,6.55,557.02,52.479,16.009
22.34,55.96,5.42,0.0,0.0,7.69
19.25,87.69,9.15,0.0,4.788,47.076
21.69,64.04,3.42,2.67,1.175,2.971
38.79,65.31,4.35,639.86,55.503,3.098
20.33,62.26,3.77,0.0,1.98,1.254
24.45,71.15,4.01,123.64,9.192,1.259
24.26,68.64,0.4,0.0,0.0,0.0
20.6,75.38,3.78,0.0,0.231,1.351
15.74,84.94,4.9,0.0,0.691,4.665
23.09,76.48,9.03,208.21,24.028,40.117
32.34,85.32,6.37,581.39,48.578,10.428
22.15,65.52,4.4,0.0,3.08,2.213
28.89,77.19,8.61,489.66,43.447,31.059
23.92,71.96,5.54,11.56,0.571,8.993
18.06,92.07,5.82,0.0,0.0,10.083
23.53,54.83,7.53,2.01,0.0,22.633
17.89,81.6,5.38,61.13,7.007,9.266
31.15,71.89,5.64,464.26,40.818,6.754
28.05,67.66,4.68,376.83,31.913,2.814
34.57,44.93,4.83,837.34,71.295,1.757
28.38,50.47,4.11,778.07,69.822,4.441
28.61,77.13,4.44,335.04,27.927,4.604
19.0,64.34,4.23,0.0,1.164,5.477
27.77,53.32,6.33,460.29,44.879,15.91
25.62,77.08,6.12,13.33,4.248,10.614
19.55,80.85,4.01,0.0,0.675,0.75
17.27,77.88,7.64,0.0,0.0,20.869
18.95,83.06,7.61,0.0,1.295,21.847
18.47,68.06,4.67,0.0,1.934,3.702
16.6,75.79,4.58,3.92,0.0,0.0
24.91,63.61,5.9,0.0,0.0,8.011
21.48,68.04,9.96,215.65,21.8,55.097
21.03,80.06,6.4,19.86,5.523,15.297
27.77,56.88,0.88,438.19,39.963,0.0
21.86,51.38,4.56,0.0,1.783,4.134
31.18,65.42,9.12,508.37,46.167,44.381
19.91,70.73,5.94,8.9,1.284,6.964
25.99,47.53,4.59,0.0,2.661,6.125
24.0,61.47,1.17,297.09,26.612,0.762
19.8,67.6,0.53,9.25,1.383,2.533
27.11,77.48,6.62,355.32,32.761,16.787
25.45,48.59,5.44,0.0,0.0,6.271
23.41,73.29,4.41,7.37,3.187,3.363
15.21,83.5,5.43,81.74,9.779,4.909
24.12,65.53,3.62,19.58,1.988,0.116
17.94,61.67,4.41,6.33,0.117,3.467
22.97,62.83,7.69,0.0,0.0,25.062
21.58,81.41,10.09,12.07,2.596,59.064
28.53,56.94,5.85,637.48,57.292,12.879
27.11,55.19,13.34,225.14,20.118,95.097
26.81,88.24,9.98,147.43,12.786,56.945
27.21,61.35,0.36,589.92,53.343,0.535
25.34,68.89,2.65,364.15,32.106,0.0
31.74,39.79,4.99,789.86,70.037,5.102
19.3,58.06,6.35,0.0,0.0,13.499
19.53,71.96,7.16,0.65,0.0,18.028
26.31,61.12,5.73,26.98,9.017,7.053
15.69,82.58,5.23,0.0,3.88,4.665
28.64,60.41,2.55,514.78,47.061,0.0
27.96,53.11,1.63,642.91,59.659,0.0
36.01,68.5,3.69,570.26,51.5,3.728
21.57,67.12,6.36,0.0,0.0,8.329
19.05,77.99,2.43,0.0,0.566,0.223
18.14,72.29,3.93,0.0,0.0,3.027
31.66,54.89,10.07,716.68,65.348,53.372
22.7,71.22,5.12,0.0,2.539,5.686
26.46,72.75,3.23,416.34,41.405,0.0
30.2,64.16,4.04,293.7,27.721,2.024
32.29,65.01,8.09,802.15,73.088,29.226
26.47,65.24,8.37,0.0,0.0,32.723
31.25,31.3,4.7,876.23,80.312,3.064
23.15,70.56,4.09,0.0,0.0,0.0
21.49,79.99,7.41,0.0,0.0,22.153
30.16,63.93,5.88,216.4,24.293,8.547
22.7,66.98,8.37,1.29,1.448,31.032
22.26,70.55,6.74,16.01,2.614,16.485
22.19,64.15,4.51,1.93,0.0,2.854
23.29,84.07,10.72,147.11,12.348,69.48
22.32,63.66,2.75,0.0,0.0,5.026
32.7,56.21,2.72,582.9,52.015,1.372
22.25,83.19,6.23,158.33,14.863,15.016
29.49,61.05,2.6,534.47,44.353,1.022
21.14,,7.83,0.0,3.388,26.241
22.78,98.26,9.85,0.0,0.0,54.183
16.9,68.44,4.1,0.0,2.477,3.411
17.58,73.19,4.31,14.89,0.078,4.833
24.34,70.16,2.95,338.12,32.054,0.119
20.85,89.11,2.83,0.0,1.945,0.0
20.39,75.55,6.01,0.0,1.669,8.033
24.23,79.42,1.41,221.71,20.431,0.922
19.99,74.37,11.62,137.0,14.391,86.829
29.61,65.96,4.7,628.6,57.129,5.665
25.69,62.74,7.45,423.33,39.042,24.586
31.92,49.3,4.17,422.94,36.458,2.084
32.95,57.41,8.82,743.04,63.157,38.948
23.31,57.89,11.59,20.46,1.267,87.84
28.93,68.76,6.94,547.19,49.163,17.273
21.29,46.79,3.43,384.58,40.236,0.913
19.96,70.77,9.87,0.0,1.815,52.299
18.73,80.81,5.72,18.48,0.196,7.4
22.85,74.78,3.91,0.0,3.673,0.0
22.96,77.72,7.66,14.24,1.233,22.74
22.93,87.7,3.12,0.0,1.345,4.478
31.3,83.31,0.86,317.56,26.837,0.0
27.76,53.08,6.21,597.69,53.345,9.608
19.22,91.35,11.56,0.0,2.076,86.243
24.25,91.98,4.71,12.34,0.0,2.895
23.43,65.67,6.22,5.27,0.63,12.709
25.54,69.26,5.66,278.41,27.164,7.521
28.45,78.39,1.83,91.72,6.624,0.0
33.74,51.08,4.67,804.63,65.708,2.418
20.48,74.03,5.37,5.23,2.333,6.43
27.13,84.4,8.4,312.84,34.51,31.754
24.51,85.16,6.22,0.0,0.918,11.873
23.01,65.6,6.27,8.01,2.091,16.529
23.97,65.18,7.63,141.32,11.901,23.73
24.39,76.14,6.63,66.66,9.377,14.668
24.37,72.9,2.13,0.0,0.0,0.0
27.52,67.59,5.5,223.63,23.39,8.318
26.47,54.26,2.64,5.03,1.708,0.0
30.89,77.31,2.48,389.06,36.357,1.103
32.97,62.17,6.4,668.71,59.507,13.271
27.18,60.24,1.36,591.43,54.671,1.596
28.04,76.9,3.22,1.49,0.709,0.0
17.27,85.68,5.52,0.0,1.939,8.314
23.07,60.4,3.08,20.1,0.536,1.485
16.52,73.04,9.48,0.0,0.0,46.425
20.77,76.54,3.86,19.09,4.817,2.99
24.75,80.13,6.07,177.35,17.164,12.291
20.85,93.13,8.62,3.17,0.0,35.028
28.51,61.88,4.67,395.72,38.558,7.368
18.49,90.11,9.64,0.0,1.675,51.573
31.62,46.2,4.15,872.39,72.819,0.0
26.55,77.89,2.17,94.27,10.442,1.977
19.02,64.08,3.6,0.0,0.275,0.0
25.14,63.01,3.53,359.58,35.177,2.57
27.69,85.5,2.16,182.42,17.026,0.591
25.92,39.26,7.83,253.63,25.426,20.352
21.06,77.17,4.57,0.0,0.0,5.134
36.02,59.49,5.55,996.47,80.251,7.425
19.85,68.55,6.35,0.0,1.48,12.294
29.25,70.72,6.49,588.62,57.627,12.937
20.58,86.93,9.36,0.0,0.735,47.32
28.4,66.64,9.36,512.88,45.036,42.772
24.36,92.22,9.84,0.0,0.271,54.937
23.95,80.46,4.34,545.56,47.768,0.081
20.43,75.11,6.61,164.36,18.451,15.67
16.39,81.55,9.79,0.0,0.096,54.89
25.11,86.54,8.9,1.81,2.28,39.992
21.99,70.49,10.71,0.0,0.0,69.255
19.25,83.26,11.09,0.0,2.284,76.98
18.97,57.3,7.42,13.61,0.0,21.012
20.86,88.46,11.09,0.91,0.138,74.506
28.8,67.22,5.37,289.75,28.007,5.825
21.61,89.21,1.57,2.0,0.0,0.0
31.78,56.15,95.0,891.27,76.9,0.0
18.59,79.1,5.07,0.0,0.685,9.598
20.01,72.01,1.21,24.08,4.484,0.0
23.84,56.93,3.04,2.0,1.441,2.306
19.15,78.57,4.45,25.41,3.299,1.06
23.04,69.25,7.77,0.0,1.759,23.251
24.05,77.21,4.62,2.77,0.0,2.003
26.07,72.65,5.29,415.12,36.735,4.645
24.96,53.32,10.55,2.09,0.0,67.089
19.79,87.44,8.76,18.34,2.894,38.438
27.98,78.32,6.34,177.41,17.454,12.382
29.92,60.9,9.59,18.31,4.531,53.143
19.84,58.07,7.5,0.0,0.703,22.843
24.94,66.46,1.27,0.0,0.0,0.12
23.92,78.28,10.76,0.24,0.292,68.097
19.88,68.12,3.69,0.0,0.0,0.0
22.17,58.45,5.9,0.0,0.0,9.182
20.19,68.72,7.99,0.0,0.0,29.586
23.27,65.82,4.39,17.98,2.426,4.43
28.2,72.41,5.17,556.32,49.32,8.81
19.44,87.43,1.53,21.39,1.834,0.0
23.7,88.37,3.07,0.19,0.0,1.297
18.11,73.9,2.35,9.73,0.0,0.611
19.28,66.52,4.28,8.37,2.222,3.854
25.32,66.49,2.55,0.0,0.0,0.0
25.17,59.67,11.14,5.51,1.553,74.908
18.48,62.82,6.03,28.92,1.281,12.276
32.66,65.49,0.53,624.53,51.359,1.746
25.01,70.15,6.69,13.52,3.77,14.234
22.61,83.59,6.81,96.01,11.906,17.753
28.68,44.06,4.62,791.82,69.184,6.406
22.93,84.44,2.01,2.8,0.0,0.0
27.1,60.38,5.1,8.21,0.298,3.085
20.31,71.86,8.04,11.45,0.0,25.765
27.1,70.93,10.48,238.28,21.111,62.128
33.49,49.9,1.06,691.97,61.517,0.0
22.11,83.0,1.73,0.0,4.148,0.0
18.2,72.88,3.13,112.87,10.431,0.175
30.57,60.82,5.03,578.07,53.68,5.063
25.4,71.34,5.18,294.17,28.327,7.701
28.23,60.07,3.45,798.87,66.71,0.0
15.46,89.34,7.26,11.94,1.14,23.44
29.59,66.06,4.82,222.27,20.483,6.644
27.22,53.19,9.89,593.37,56.938,54.78
31.27,70.54,8.33,632.19,58.459,29.351
26.82,69.02,4.08,182.11,18.024,2.085
28.41,52.67,8.88,452.87,44.209,39.306
21.39,80.86,2.0,0.0,0.0,0.0
32.92,64.46,2.94,778.73,69.035,0.0
22.6,61.95,5.41,0.0,0.201,6.064
20.31,75.95,15.6,0.0,2.195,96.81
28.77,53.85,5.67,770.21,70.377,6.399
19.91,80.14,9.39,4.61,1.888,52.002
21.87,79.74,7.65,0.0,0.0,20.283
22.53,70.84,7.24,2.78,0.0,18.196
32.8,84.01,5.37,494.71,44.911,8.269
23.02,71.13,2.09,5.8,2.357,0.0
19.1,76.61,6.7,7.49,1.061,15.129
13.86,94.8,8.25,0.0,0.0,32.378
18.9,78.89,3.94,2.76,0.657,4.036
17.84,82.82,3.12,3.54,0.0,0.0
23.73,,12.26,221.62,20.871,98.904
24.63,69.03,3.81,150.81,18.406,0.0
22.52,74.0,5.15,2.25,0.0,5.067
31.58,,3.6,274.17,25.999,2.074
30.04,70.18,7.49,452.57,41.181,25.924
26.7,84.35,6.21,0.0,0.0,10.07
22.27,92.71,2.61,0.0,0.0,0.0
23.42,87.8,7.86,11.17,0.917,26.829
19.64,63.37,7.85,0.0,0.0,26.48
18.37,86.58,5.0,0.0,3.661,4.264
19.66,72.03,6.37,8.01,0.074,10.927
25.58,64.37,8.05,214.82,19.584,27.053
20.2,73.42,4.4,0.0,2.446,4.393
19.97,66.81,10.08,13.6,1.074,56.885
33.03,42.58,3.94,877.97,76.873,4.235
21.62,63.66,10.2,148.3,13.343,59.207
22.31,66.51,9.95,261.71,25.178,56.076
18.58,79.45,13.19,0.0,1.937,99.33
22.28,54.78,1.41,0.0,0.0,0.0
20.58,67.69,10.22,114.58,12.304,61.682
21.58,74.21,8.53,2.52,0.0,31.632
31.28,62.21,5.48,376.03,36.871,6.55
21.73,80.64,6.13,0.0,0.0,10.829
20.62,69.38,2.78,9.0,0.722,0.763
23.61,63.37,2.76,426.12,39.713,1.262
29.9,48.65,9.44,778.2,66.601,43.87
25.59,63.46,5.39,26.91,0.523,5.419
32.89,64.38,12.29,599.5,53.741,94.313
32.78,41.59,1.87,827.14,72.974,0.0
34.94,55.92,2.85,802.44,66.673,2.016
28.1,61.06,1.6,0.0,1.082,0.0
29.71,56.33,12.91,758.09,67.72,92.805
25.53,84.09,3.01,0.0,0.0,0.0
22.8,61.23,6.22,0.0,0.0,12.87
25.92,86.37,6.61,68.18,6.412,15.434
29.74,66.85,10.88,410.57,38.164,68.912
25.43,61.32,6.96,789.58,70.007,17.33
25.56,58.48,9.16,497.56,44.799,39.819
26.17,77.03,1.29,466.4,43.447,0.0
22.13,64.5,7.65,413.92,41.562,27.065
32.39,50.74,5.56,510.76,44.496,12.314
29.76,56.45,5.25,9.12,0.286,6.146
19.29,82.94,6.75,1.68,5.652,17.129
33.86,53.78,0.42,783.12,68.009,0.785
26.81,73.16,2.17,0.0,0.0,0.0
27.58,67.76,3.04,258.52,23.277,0.0
30.74,73.53,12.08,696.59,59.054,90.19
22.2,65.85,3.17,0.0,0.761,1.172
22.38,80.15,11.23,17.76,2.349,83.48
25.53,61.47,3.38,0.0,0.0,2.789
27.7,49.46,7.94,242.81,26.848,26.758
31.36,61.03,2.39,587.16,52.361,0.0
23.8,60.53,2.24,0.0,0.0,0.0
17.91,79.46,4.42,56.37,3.135,5.591
24.13,89.29,8.32,0.0,0.0,31.719
17.81,73.56,8.31,21.73,0.0,31.998
25.05,,4.85,0.0,0.0,2.727
23.47,84.02,0.78,2.68,0.0,1.202
26.56,65.9,6.28,443.34,42.402,12.176
30.63,56.17,3.49,928.7,78.22,1.664
26.84,71.79,9.7,1.4,1.816,51.961
21.44,64.32,0.79,0.0,0.983,0.0
17.17,80.79,2.53,2.7,1.56,0.0
34.04,55.06,2.85,778.01,68.7,0.0
30.19,46.58,5.74,892.57,81.42,7.991
24.12,68.88,2.83,462.02,41.093,0.0
22.38,81.52,3.06,17.96,3.442,0.0
27.5,55.31,13.08,611.87,56.192,93.645
27.2,53.85,2.65,241.21,25.08,1.65
18.29,82.19,8.35,0.0,0.222,32.989
25.3,56.98,5.81,12.82,3.613,10.219
31.89,53.98,3.04,701.92,59.065,0.0
13.72,79.98,4.19,8.68,0.0,6.654
33.75,52.31,1.15,914.86,76.333,0.0
29.21,50.91,0.58,672.56,60.017,3.489
35.94,44.76,2.14,840.87,71.741,1.498
21.52,74.81,1.43,0.0,0.0,0.0
27.35,64.14,5.4,221.22,18.933,11.421
19.23,92.72,6.0,0.0,0.0,12.099
17.67,89.26,4.35,7.28,0.0,2.749
27.61,59.0,2.82,378.05,34.576,0.0
29.82,68.79,4.91,616.46,54.494,7.16
30.43,61.95,5.46,284.69,27.288,6.506
30.73,59.72,12.65,673.65,59.757,94.068
26.93,60.28,4.45,538.89,52.765,2.255
17.68,100.0,5.62,2.37,1.857,7.263
28.24,65.63,5.41,207.87,21.064,5.998
30.49,63.46,3.68,639.52,57.287,4.825
30.7,53.17,8.12,712.0,63.895,30.388
32.34,78.34,11.11,313.68,27.928,74.994
20.71,65.74,10.99,0.0,0.199,73.92
13.9,91.28,0.8,29.77,6.815,0.0
29.42,62.12,6.41,794.69,69.098,12.53
29.66,63.68,4.59,386.56,32.794,7.491
27.82,94.82,9.09,325.37,30.938,41.321
17.41,76.37,4.74,9.53,2.703,6.14
34.07,51.74,4.77,740.51,64.484,4.894
21.11,82.76,5.63,0.0,0.0,6.967
23.7,74.23,6.63,0.0,2.573,15.31
23.98,72.76,9.13,0.0,0.46,39.764
25.86,68.06,8.77,539.2,48.497,39.061
23.17,78.61,9.36,40.27,6.288,43.847
30.35,76.95,5.58,353.13,28.033,7.037
34.67,47.99,2.33,775.52,67.129,1.626
28.92,82.76,5.95,326.64,28.734,8.881
21.97,98.04,9.35,0.0,2.984,44.943
27.64,57.31,8.3,983.96,85.036,25.407
24.46,69.15,5.48,180.23,15.531,7.187
20.82,74.37,5.66,123.61,14.32,10.086
24.3,79.6,6.67,18.2,0.0,14.091
25.02,73.29,5.68,0.32,1.047,9.97
26.54,53.46,7.39,380.25,33.141,21.214
22.97,77.81,6.07,4.44,0.0,13.402
23.33,78.24,4.17,0.0,0.0,1.123
22.93,70.14,6.25,0.0,1.82,11.922
15.43,89.27,4.8,0.0,4.407,1.979
15.14,73.89,8.81,12.63,0.0,38.431
22.21,70.29,6.15,0.0,0.893,10.982
20.97,68.15,3.14,474.49,48.893,2.144
30.6,40.46,13.13,659.69,58.1,93.613
22.21,82.22,5.61,11.7,0.0,7.705
26.77,78.5,4.74,104.7,10.42,3.144
26.67,64.98,0.36,447.11,42.831,0.054
29.73,48.98,2.85,555.55,51.751,3.977
26.91,69.56,3.35,206.22,18.765,0.0
26.34,64.49,2.36,622.91,54.572,0.0
23.86,81.3,0.67,0.0,2.632,2.349
22.6,72.08,7.34,0.0,0.0,20.097
21.25,87.36,5.66,32.0,0.0,9.96
21.93,68.18,5.64,0.0,0.0,11.11
19.67,90.67,4.33,7.43,0.0,2.579
25.85,65.01,4.35,3.9,3.366,1.817
21.08,87.56,10.0,0.0,0.0,57.966
31.7,65.45,2.62,631.8,58.585,0.991
21.47,68.98,9.92,0.0,2.614,54.416
19.06,77.34,7.05,0.0,0.45,19.937
30.78,57.02,5.85,502.01,40.291,11.555
20.68,56.98,3.27,0.0,0.0,0.36
30.28,56.66,5.83,455.46,40.266,10.17
22.35,89.07,6.19,0.86,3.545,13.083
20.46,69.65,3.74,16.36,0.484,0.539
22.12,74.1,3.9,8.7,0.0,4.217
21.51,84.06,95.0,136.26,13.491,0.0
15.83,65.12,4.58,0.0,0.0,3.769
23.75,63.13,2.05,215.25,20.637,1.535
20.49,61.04,4.06,0.0,0.0,0.182
27.56,80.3,9.41,261.54,29.632,47.16
22.65,70.46,7.04,2.19,0.0,18.81
31.51,70.5,12.03,524.12,50.445,97.23
28.23,58.94,10.42,699.26,59.917,63.368
21.2,78.65,11.69,0.0,0.526,89.972
28.42,62.22,6.3,0.0,1.001,12.964
16.51,73.88,7.79,0.0,0.284,26.618
21.09,71.84,7.62,12.18,1.364,27.948
20.65,63.57,2.21,0.0,1.723,0.169
31.31,70.36,8.63,801.78,69.563,33.947
24.19,60.8,4.27,215.32,20.349,2.502
29.86,66.83,4.75,411.36,36.135,4.842
23.87,79.15,4.35,78.37,7.223,0.888
17.91,73.95,3.05,24.06,2.044,0.0
25.18,71.1,5.94,237.47,22.084,8.329
20.82,75.62,5.05,11.91,1.327,4.103
28.15,72.11,5.9,235.66,19.203,11.659
27.39,83.86,4.7,0.0,0.0,4.386
32.41,72.8,5.62,695.67,61.741,6.875
27.58,69.15,4.29,556.21,45.637,2.621
25.05,72.5,2.27,209.67,22.298,0.0
23.22,72.72,7.8,15.88,0.436,25.678
20.05,75.84,3.91,21.12,5.426,0.0
26.29,77.2,5.52,193.5,20.694,5.815
16.94,52.17,3.26,25.71,1.965,0.0
33.42,37.14,3.49,861.92,73.927,0.0
22.19,65.26,2.58,16.16,4.785,0.0
23.28,69.15,6.65,6.43,3.178,13.192
33.75,68.9,10.06,461.0,42.913,56.296
18.11,78.53,13.38,2.72,2.559,102.611
23.0,75.59,8.98,7.55,0.0,41.574
23.61,65.45,4.12,0.0,0.411,1.324
33.14,53.01,5.05,959.93,79.419,6.039
18.07,77.31,5.75,12.98,0.0,9.34
24.94,80.81,3.47,0.0,0.328,0.0
19.73,72.27,8.37,0.0,0.0,35.057
20.66,68.29,4.88,25.17,2.163,9.168
25.07,63.9,8.54,238.54,21.721,30.897
26.02,87.26,5.14,271.17,22.627,9.053
25.58,56.82,2.99,307.81,32.568,0.0
22.84,73.23,6.15,0.0,0.312,11.258
29.93,48.97,6.57,781.19,65.875,14.896
25.84,65.16,7.23,0.0,0.364,22.981
32.19,69.48,4.5,546.46,51.367,4.117
33.93,71.22,4.45,314.72,30.348,4.193
27.02,74.93,6.36,378.06,33.748,14.719
26.69,69.98,6.71,551.17,48.885,17.549
23.38,67.68,8.57,383.0,34.059,35.412
31.75,65.1,11.88,182.31,15.507,93.653
26.41,80.71,1.04,168.02,14.514,0.0
18.64,87.12,8.69,6.4,0.0,33.115
32.01,69.31,9.66,343.14,30.302,52.232
34.47,54.52,6.07,633.28,56.153,8.756
19.94,79.87,5.36,158.47,14.532,6.258
28.88,77.96,4.96,667.84,58.996,4.671
19.69,83.46,11.21,1.01,3.344,78.894
26.52,65.01,2.49,512.69,50.519,0.0
22.17,61.11,5.56,0.0,0.0,9.22
33.56,54.12,95.0,682.18,61.378,94.898
17.69,65.1,3.87,1.13,0.0,3.047
23.46,69.92,6.29,3.83,0.0,13.767
32.41,66.69,10.6,392.42,33.224,63.67
23.68,72.5,6.29,3.63,0.528,11.812
22.24,62.47,4.71,6.25,2.789,6.684
19.53,74.08,8.03,3.85,0.0,27.321
26.25,53.89,2.11,0.0,0.0,0.0
17.85,77.88,3.18,0.0,0.0,2.156
31.4,49.91,5.31,606.25,54.723,6.811
22.26,72.54,1.77,23.68,2.851,0.0
24.5,75.75,3.03,0.0,1.074,0.0
19.22,80.4,1.93,8.26,4.611,2.248
21.45,65.35,2.99,107.72,8.826,1.172
18.78,74.61,4.78,0.0,0.0,5.242
24.0,65.79,5.09,17.23,2.185,3.655
19.87,79.6,10.45,18.03,4.684,64.906
25.45,52.51,8.96,419.26,36.419,38.809
19.17,65.85,3.43,6.88,1.351,0.0
23.39,70.77,4.36,35.4,3.058,1.982
22.1,85.32,3.16,201.01,20.838,1.66
20.2,68.97,6.14,31.86,4.417,14.287
24.47,74.93,6.89,11.52,1.218,14.985
22.87,56.56,8.17,20.11,2.971,27.755
25.24,61.33,4.42,0.0,0.0,4.769
28.96,69.15,10.86,497.57,46.525,69.415
22.02,77.93,7.55,21.4,4.868,24.289
22.95,71.16,3.89,0.0,0.2,0.986
24.62,95.8,9.92,0.0,0.0,55.145
24.83,73.86,5.09,0.0,0.0,3.225
25.35,74.59,5.98,0.0,1.579,11.695
18.31,70.21,2.78,0.0,0.0,0.0
28.34,62.3,4.61,678.46,57.92,5.84
30.92,82.8,12.71,398.01,37.596,94.695
27.46,55.87,6.94,25.77,0.545,18.194
34.14,65.22,10.18,658.81,57.937,57.084
27.19,74.98,4.26,381.55,31.332,0.0
33.55,48.47,11.41,809.28,70.039,83.322
30.59,69.21,8.74,435.92,39.257,36.377
23.68,77.44,10.26,2.67,0.0,61.678
29.83,69.04,16.5,458.25,42.099,93.505
23.53,71.05,7.18,0.0,0.0,20.102
27.51,41.82,4.47,626.14,57.368,0.884
18.07,89.0,9.09,2.58,0.0,42.437
19.26,80.59,7.76,1.49,0.0,23.616
15.46,72.8,14.71,0.0,0.0,109.856
31.16,54.87,5.93,599.11,51.552,11.323
23.74,65.67,5.1,0.0,1.965,8.681
31.78,63.28,6.83,506.25,46.988,15.691
25.55,82.85,1.62,0.0,4.389,0.798
32.41,57.86,3.97,518.73,45.409,3.788
33.5,72.32,5.12,331.57,28.827,3.794
23.75,69.14,8.23,270.41,25.955,28.972
16.73,80.96,7.32,0.0,0.0,23.301
24.82,78.77,4.81,8.82,0.0,4.338
25.67,79.73,3.17,0.0,0.109,0.0
27.64,63.05,2.91,28.91,4.205,0.0
27.92,87.19,3.09,165.33,11.183,0.0
16.41,75.28,4.24,25.73,1.434,0.0
26.78,64.55,2.11,228.66,18.837,0.0
25.44,62.13,1.74,8.29,0.504,0.091
33.01,71.24,9.81,472.84,42.875,52.15
24.36,69.93,10.54,12.86,3.491,70.264
23.15,84.33,4.93,0.0,0.0,5.214
19.43,90.67,11.35,9.0,1.094,80.603
25.64,76.87,13.36,276.3,22.493,96.381
31.4,69.08,4.93,428.97,36.948,6.579
22.6,61.13,5.65,224.74,22.125,10.84
26.02,78.97,3.53,5.79,0.0,2.838
27.26,50.77,3.33,901.64,81.381,1.705
24.81,76.02,0.61,0.0,1.047,0.191
27.79,58.53,5.8,340.07,29.953,10.931
24.9,58.84,2.53,190.31,15.36,0.0
17.41,79.03,4.65,0.0,0.0,0.253
16.16,96.98,5.23,61.62,4.246,10.975
20.92,67.76,9.47,0.0,0.0,47.236
19.62,73.35,1.44,11.22,0.0,1.068
30.2,48.47,3.33,343.8,31.567,0.0
29.79,46.54,2.53,855.32,76.187,3.09
26.34,70.06,1.84,188.54,16.463,2.312
23.69,65.03,7.77,417.81,39.996,22.096
24.13,62.99,6.34,1.1,0.0,12.32
18.76,58.02,7.81,206.57,21.587,26.587
37.63,69.03,3.04,794.94,64.745,0.0
31.4,77.35,5.23,807.65,69.314,7.429
18.36,84.77,7.7,209.66,20.484,27.058
21.51,,4.27,0.0,2.725,3.575
27.87,73.63,3.47,663.78,59.824,0.0
26.28,83.86,7.28,435.44,40.117,18.271
21.49,66.45,4.84,0.0,0.0,4.718
28.94,55.91,1.17,621.95,54.801,0.0
21.38,75.75,16.22,0.0,0.0,97.376
17.93,68.5,6.13,0.0,0.0,11.321
26.54,63.27,6.64,145.67,13.989,11.443
24.88,68.98,4.65,22.46,2.671,5.795
20.97,73.13,7.71,2.45,0.802,26.076
22.2,55.07,10.28,0.0,2.523,61.785
27.91,47.63,6.26,735.43,66.759,13.14
31.1,52.02,7.09,714.65,60.525,17.795
30.48,54.27,4.99,574.74,52.058,4.216
27.74,64.15,10.31,482.56,45.234,58.058
23.88,68.26,8.02,0.0,2.524,30.931
22.21,81.56,8.41,0.0,0.0,32.485
20.4,66.46,4.76,0.0,0.0,1.341
27.33,59.92,4.6,0.0,2.158,3.92
20.77,84.21,3.19,39.03,4.168,0.0
36.13,63.9,5.72,682.54,55.288,9.256
29.85,68.84,2.79,352.19,28.659,0.286
26.16,69.96,4.95,0.0,3.682,4.239
30.06,81.02,3.03,190.89,14.239,0.0
22.98,60.55,2.21,15.38,1.188,1.125
20.77,69.65,6.55,0.0,1.766,14.491
19.46,75.85,1.47,0.0,0.0,0.0
23.09,64.82,9.86,0.0,0.0,55.621
30.63,67.97,3.88,535.34,45.301,0.0
20.95,69.58,8.13,0.0,3.602,26.758
34.04,54.49,3.44,830.86,75.002,3.481
23.28,66.43,10.63,0.42,0.0,69.203
33.69,49.98,4.89,785.17,69.002,4.125
20.58,67.83,4.6,0.0,0.616,1.546
32.29,67.66,4.66,316.33,28.295,2.304
25.45,51.75,2.08,0.0,0.0,0.0
27.51,77.86,4.46,155.86,19.295,5.912
23.14,91.18,7.52,0.0,0.0,25.372
31.3,63.85,0.64,730.33,63.978,0.332
21.4,71.52,8.59,0.0,0.0,36.231
35.57,51.88,10.35,463.13,43.4,58.942
21.86,79.78,3.28,0.0,1.692,0.0
24.33,56.3,5.47,0.0,0.0,4.801
19.59,85.12,8.08,1.95,0.0,29.591
17.76,92.93,9.98,102.78,6.906,58.03
17.08,81.41,95.0,0.0,0.39,4.548
21.27,87.01,6.96,0.0,1.422,20.225
24.62,72.29,6.2,0.0,0.0,11.22
22.24,80.26,5.88,15.35,1.01,10.254
25.03,93.87,3.01,10.58,4.826,0.0
22.51,69.92,3.97,0.0,1.872,4.513
27.41,61.09,5.15,433.58,42.694,7.168
22.78,76.12,6.33,0.0,0.0,12.871
20.97,96.07,6.72,24.37,3.452,16.109
20.88,64.12,9.93,31.02,3.583,52.41
22.8,,2.67,2.47,0.0,0.0
23.12,75.58,3.66,38.86,1.698,0.2
27.6,72.44,7.2,469.64,42.254,19.126
20.46,86.92,4.22,0.0,0.0,3.843
32.87,82.46,5.69,341.61,29.012,8.39
35.16,63.31,11.71,658.28,55.95,85.79
30.32,60.4,6.93,570.28,52.211,11.175
29.2,62.45,3.17,525.84,46.1,1.332
27.72,51.85,6.99,830.57,72.281,18.107
37.12,76.69,1.76,791.14,67.828,1.628
23.46,78.54,5.17,17.1,0.0,6.389
31.38,64.52,1.58,558.21,50.117,2.294
15.61,69.77,5.77,62.32,7.046,8.612
25.49,64.51,4.96,183.81,18.421,5.303
20.73,75.78,3.3,0.0,0.0,0.993
28.25,74.75,7.23,310.6,26.549,21.004
22.19,80.45,6.17,133.88,15.931,12.776
20.73,87.43,6.95,0.98,0.0,18.717
23.03,88.37,4.97,28.03,0.473,6.009
27.06,72.11,7.68,350.21,32.448,23.701
28.72,56.87,7.11,557.18,48.996,20.448
26.64,52.49,2.76,245.39,25.52,0.0
35.93,59.19,5.63,788.15,66.341,7.062
32.29,69.31,8.65,448.59,42.533,37.612
27.58,71.83,1.91,140.62,14.229,0.0
22.0,69.43,6.67,0.0,0.0,15.322
26.1,86.41,2.0,0.0,2.228,2.776
17.25,57.78,5.4,16.27,0.348,7.353
29.3,72.04,7.91,85.17,7.431,24.55
27.56,69.47,7.54,29.25,3.875,25.067
27.01,71.19,7.76,221.18,21.274,24.273
23.64,87.86,6.37,26.06,1.165,12.742
20.32,79.96,8.92,0.0,0.0,35.437
27.35,68.63,1.69,367.86,33.981,0.0
18.3,89.49,8.31,19.26,0.44,33.112
25.71,57.71,0.71,256.71,24.516,0.0
31.83,69.2,3.49,494.52,43.268,0.0
30.19,71.27,6.49,395.39,34.486,12.817
28.05,62.88,7.85,0.0,0.0,24.478
32.15,53.49,11.78,782.04,67.741,88.603
19.66,74.0,5.62,153.67,16.382,7.665
27.47,79.38,7.74,0.0,0.846,27.958
16.7,92.98,2.5,0.0,4.189,0.605
20.89,85.68,6.11,0.0,0.283,8.131
24.11,68.28,6.75,10.55,0.0,16.146
29.31,64.03,4.59,398.3,36.191,3.833
24.44,62.32,8.95,492.19,46.729,41.604
21.38,61.49,6.91,0.0,2.007,17.123
17.3,70.86,5.45,0.0,2.683,7.514
23.71,76.51,10.98,21.13,0.023,77.825
26.86,67.77,9.98,0.0,2.561,52.443
25.74,56.89,7.89,488.66,45.145,27.883
32.51,74.23,8.78,498.22,42.251,36.124
32.39,54.99,7.05,409.16,36.838,16.956
20.58,67.26,7.97,0.0,2.422,26.381
17.06,75.41,3.53,0.0,0.915,3.702
16.98,88.64,3.21,0.0,0.0,1.291
19.97,71.17,4.03,0.0,0.0,3.433
33.02,71.43,9.84,494.79,41.36,52.944
26.73,69.93,2.99,278.72,24.644,0.684
20.19,48.9,4.13,32.59,3.44,0.388
29.99,73.61,4.0,400.66,34.083,0.0
17.29,63.4,8.03,0.0,0.0,31.739
29.46,68.91,10.12,254.21,26.436,56.863
17.2,89.12,12.67,0.0,3.236,99.399
24.9,58.17,3.16,427.27,43.064,3.871
26.56,78.81,8.49,234.65,18.364,30.956
27.98,58.66,6.03,0.0,3.347,5.792
32.58,77.6,7.38,274.88,25.157,17.142
20.82,58.83,5.92,133.88,13.351,9.366
21.99,71.91,5.9,0.04,2.062,10.496
31.89,49.26,3.0,714.5,64.292,2.786
35.97,64.03,5.43,940.77,74.066,8.962
17.0,56.47,11.13,13.43,0.14,73.897
23.23,81.84,3.48,1.12,0.0,6.458
18.91,75.01,2.59,37.25,1.032,0.0
16.15,58.61,5.53,0.0,1.994,10.757
25.8,70.27,5.09,378.22,37.991,7.034
23.44,85.83,8.34,164.41,15.603,31.575
21.24,84.7,5.8,22.11,2.756,9.183
25.46,79.09,4.28,0.0,0.0,0.706
23.94,85.49,6.2,93.52,9.147,9.481
32.87,61.99,4.64,435.32,41.421,3.689
23.44,82.12,8.49,107.77,6.813,30.615
18.28,83.28,4.48,0.0,0.972,6.954
21.05,69.29,8.78,7.07,0.724,37.551
31.77,65.99,7.62,521.25,45.04,27.3
23.54,81.8,4.66,6.53,0.0,3.355
21.74,82.69,6.52,5.09,4.163,13.198
17.97,76.17,3.92,0.0,0.0,3.105
31.16,49.78,11.84,656.67,58.078,90.335
25.43,54.44,9.29,0.0,3.259,45.894
25.58,88.38,3.5,45.4,1.79,3.769
26.17,,8.65,494.57,44.945,37.304
18.09,94.79,8.12,20.1,2.055,32.305
30.75,46.89,1.77,487.82,45.383,1.635
28.6,,4.26,445.81,40.318,1.735
21.68,68.18,10.55,0.0,0.0,68.107
23.89,94.06,2.8,0.0,0.895,1.395
18.36,78.25,3.39,0.0,0.0,0.0
30.06,61.34,2.94,19.89,3.167,0.0
22.05,56.38,4.28,12.61,3.105,2.756
28.89,81.83,2.12,277.93,22.577,2.223
19.73,79.57,7.25,0.0,2.066,20.724
20.89,66.35,9.77,11.24,0.607,52.174
30.56,43.9,1.7,713.03,65.069,0.0
24.64,59.15,2.16,1.19,1.105,0.0
30.35,58.62,2.35,806.81,73.791,0.0
20.19,90.77,7.14,5.86,0.586,21.035
27.04,58.67,2.82,3.81,0.0,0.0
30.88,51.36,7.4,693.15,60.331,21.229
24.02,71.02,10.17,262.19,22.79,57.546
22.29,87.79,5.08,212.97,21.797,7.508
38.29,44.06,6.13,941.81,76.074,10.395
30.43,60.45,7.6,826.58,73.074,20.987
29.35,63.25,3.96,12.24,0.732,3.932
24.7,83.95,3.15,0.0,0.0,0.0
31.56,56.65,9.94,762.23,69.333,53.406
22.01,78.49,4.7,11.77,0.0,6.957
34.74,58.24,9.65,433.94,38.705,46.487
22.26,66.49,3.46,382.28,36.579,0.621
23.42,87.19,3.14,111.33,6.025,0.0
24.0,68.89,6.15,160.81,16.352,11.977
23.05,57.9,13.1,102.61,8.729,97.146
30.02,56.66,8.01,612.3,54.264,29.043
22.86,68.66,4.28,0.0,2.686,1.704
23.64,61.15,12.57,10.37,1.309,99.638
26.45,78.47,2.37,186.6,16.875,3.209
16.21,74.29,3.96,0.0,0.0,2.556
31.41,69.39,3.4,609.9,57.222,0.0
24.84,73.36,5.19,0.05,0.814,6.313
24.83,67.91,10.45,300.24,26.548,63.101
36.23,59.98,1.22,673.22,56.941,3.545
26.42,70.75,3.96,51.02,2.538,1.786
32.01,47.67,10.01,597.15,52.528,56.875
25.02,68.25,2.69,2.63,3.473,0.223
22.37,74.84,7.4,0.0,0.0,21.807
26.92,67.64,10.91,14.89,0.0,71.137
33.54,59.6,0.54,501.44,45.563,0.0
23.0,87.38,7.09,2.43,0.0,20.638
30.73,64.88,1.98,906.2,78.246,0.0
21.54,73.89,0.13,4.92,0.001,1.919
31.89,63.98,5.59,619.38,57.451,11.106
25.83,62.6,4.71,0.0,0.0,3.218
23.72,59.3,5.34,15.52,0.0,9.588
27.57,61.12,3.61,563.99,52.999,3.235
37.51,65.17,5.23,961.24,74.605,8.056
19.28,76.74,9.95,6.05,0.257,54.166
22.44,81.86,4.45,214.78,22.038,3.261
17.14,,5.49,10.82,0.0,7.846
25.17,67.84,3.68,244.04,23.274,5.476
28.36,71.2,8.61,166.31,12.682,34.327
25.01,87.64,2.79,0.0,0.0,0.0
21.12,90.42,4.92,0.0,0.0,2.988
24.62,45.81,7.39,0.0,0.0,19.461
22.75,87.16,4.58,0.0,0.0,2.595
18.3,76.58,10.91,0.0,2.214,74.733
29.8,84.6,6.7,133.96,12.627,12.478
26.28,57.63,5.68,0.0,0.0,7.527
24.15,63.8,2.48,28.55,0.181,0.0
25.25,82.76,7.04,226.8,21.734,21.109
22.86,53.49,5.88,0.0,4.118,10.319
18.1,60.79,2.57,0.0,0.0,0.621
21.06,82.91,6.77,0.07,0.0,14.154
21.57,80.57,2.79,28.38,0.653,2.323
19.8,91.4,6.58,23.36,4.649,17.935
18.8,63.92,12.16,4.11,2.267,98.831
36.87,65.12,2.04,508.33,43.516,0.0
28.05,77.43,4.06,291.42,25.738,3.359
22.39,86.91,2.93,0.0,0.0,1.47
21.65,61.12,7.15,19.17,1.327,21.231
18.59,72.08,6.95,24.48,4.479,19.264
22.44,64.03,7.2,2.94,0.374,21.751
23.44,69.54,6.57,161.13,18.101,13.283
23.83,79.71,1.04,23.23,0.813,1.824
27.87,82.68,5.91,171.47,11.405,9.169
31.01,73.11,1.58,367.3,38.532,0.0
24.26,68.26,11.27,6.94,1.109,79.056
37.05,41.97,1.85,762.1,67.021,0.0
32.25,60.47,10.51,631.3,54.015,63.358
25.96,76.16,2.26,0.0,0.0,1.676
24.54,69.47,3.62,21.25,2.383,1.55
22.76,57.19,3.14,524.87,44.986,4.248
22.18,,4.24,1.72,0.0,1.778
20.37,68.88,9.37,0.0,2.045,41.978
22.41,66.34,3.81,0.0,0.897,2.179
21.38,67.8,5.57,0.03,0.512,7.311
24.73,73.53,3.52,0.0,3.487,0.0
34.56,49.62,2.52,835.49,72.175,0.0
25.05,79.53,5.04,6.2,0.0,4.192
26.59,60.47,7.76,0.0,0.0,23.488
26.62,59.88,3.15,744.05,70.059,3.292
22.14,60.03,3.94,227.44,21.405,2.204
28.95,94.02,3.2,0.0,3.728,0.0
33.38,63.36,6.76,535.94,49.494,18.76
21.96,83.93,4.7,11.43,0.298,3.8
21.97,70.15,3.64,0.0,0.0,0.0
20.6,61.87,15.78,23.61,3.034,95.44
23.31,70.95,8.15,318.58,32.633,29.282
20.15,,4.29,9.15,0.0,0.0
20.9,78.46,8.14,10.88,1.311,27.222
20.93,67.07,12.8,0.0,0.0,97.22
19.64,,1.71,0.0,0.0,2.264
32.41,64.8,5.2,165.85,12.141,8.889
23.22,51.16,4.05,0.0,1.124,3.569
21.01,67.92,6.93,10.49,0.0,17.607
21.25,80.86,10.59,0.0,2.316,65.709
24.61,61.31,6.85,9.12,0.0,17.512
27.58,83.58,8.2,216.16,18.843,33.157
26.47,50.47,6.72,0.0,0.0,15.939
23.5,73.8,7.95,17.51,2.492,26.277
25.43,88.59,6.44,346.67,32.861,13.272
30.25,,2.5,655.75,60.09,0.0
21.68,71.24,6.11,0.0,1.31,12.661
20.68,80.05,0.87,0.0,0.803,0.0
27.34,64.71,1.02,218.32,21.831,0.812
33.21,57.29,8.85,699.1,62.287,37.955
24.31,59.67,0.7,0.0,1.815,0.688
22.31,82.14,3.04,0.0,0.0,0.0
23.71,48.13,1.24,0.0,0.0,0.0
16.62,72.48,7.62,0.0,0.0,23.206
23.49,74.65,2.76,17.85,2.407,0.0
33.84,53.93,4.0,892.09,78.912,0.697
21.69,63.76,4.63,157.44,17.15,6.648
21.99,89.27,3.6,0.0,0.0,1.496
22.88,81.13,3.11,0.0,1.011,0.0
34.93,51.14,3.2,786.46,68.191,0.0
22.12,78.5,8.34,0.0,0.466,34.17
22.07,76.91,7.61,0.0,0.0,23.362
31.85,80.59,8.47,535.76,49.714,31.48
20.03,68.56,7.84,8.88,0.0,28.555
22.32,86.87,2.29,13.13,0.542,0.0
26.1,72.5,11.47,365.13,35.768,81.602
27.43,83.69,2.15,151.28,13.446,0.0
25.23,73.4,7.25,444.95,41.112,21.386
22.45,85.01,2.0,0.0,0.239,4.059
21.74,82.62,5.81,0.0,0.132,11.402
23.66,82.06,1.79,0.0,0.23,0.0
18.68,84.65,6.97,0.0,0.428,17.626
25.35,87.82,7.32,196.5,18.576,20.814
22.69,82.02,2.75,78.48,5.792,0.0
24.53,61.43,0.72,0.0,0.0,0.047
20.2,58.99,1.65,7.1,2.708,1.168
29.93,71.19,4.83,389.44,37.537,8.342
23.03,57.14,5.28,462.55,44.123,9.046
28.41,61.81,3.13,540.94,49.634,4.067
16.12,72.21,7.68,8.05,0.0,28.262
25.09,84.77,3.74,65.96,1.43,4.218
28.03,59.42,10.57,327.02,30.043,64.876
31.19,58.0,3.93,462.8,38.156,2.559
27.63,56.03,3.78,0.0,0.369,0.0
29.91,58.8,5.96,596.87,56.032,10.603
30.24,51.7,11.77,502.21,44.477,90.774
26.68,69.61,2.84,301.08,27.018,0.0
21.56,72.34,7.67,0.0,0.0,21.293
33.98,71.35,2.45,453.0,40.266,3.166
32.15,74.84,3.95,233.32,21.332,2.723
27.64,67.81,4.04,520.35,45.126,5.63
30.98,39.88,8.67,486.52,46.473,36.312
26.82,51.28,5.65,249.23,29.184,11.412
23.43,86.18,0.95,78.13,9.881,2.326
29.75,75.09,7.91,303.96,27.684,24.852
30.39,66.28,4.78,706.31,61.548,3.567
18.57,47.05,10.02,568.28,53.079,55.959
31.36,62.11,3.06,318.68,28.243,0.0
19.16,74.88,3.88,0.0,1.916,5.347
21.85,70.25,4.96,0.0,2.003,5.553
23.07,61.97,6.05,0.0,0.0,12.043
28.73,64.16,4.15,691.96,61.944,0.0
23.68,65.6,11.07,5.54,2.767,77.605
22.57,79.1,2.14,0.0,0.0,0.0
21.2,77.6,2.52,0.0,0.0,2.522
21.81,67.53,0.18,0.0,1.392,0.0
29.59,64.87,7.12,526.97,48.884,21.344
30.2,68.16,5.27,393.27,36.686,8.565
20.09,75.94,11.08,174.51,17.435,76.049
19.61,69.05,10.15,0.0,0.777,61.705
31.69,72.28,2.23,390.17,34.658,2.298
26.95,61.57,6.13,252.54,21.637,12.473
29.46,53.45,15.85,865.85,72.112,93.234
18.69,70.42,3.99,2.65,1.457,3.713
20.88,81.68,7.32,0.0,0.216,21.181
20.94,68.39,5.25,0.0,0.911,6.889
26.37,65.66,9.26,364.54,32.29,43.544
21.87,68.56,0.23,214.78,20.915,0.0
30.8,55.75,3.28,500.06,45.425,0.0
24.05,79.5,4.35,17.16,4.223,0.115
18.17,70.89,11.63,150.41,16.509,86.569
17.73,79.51,0.92,16.27,0.138,0.599
24.83,70.2,8.26,0.0,1.009,25.681
28.55,61.18,0.31,0.0,0.0,1.452
16.92,59.89,8.41,0.0,0.0,34.195
31.75,75.09,1.55,469.34,45.268,0.0
26.86,73.48,3.75,11.89,0.397,3.507
20.59,70.98,6.27,107.91,12.652,12.113
32.47,69.45,2.7,370.91,32.2,0.837
23.39,70.52,2.48,133.62,11.296,0.0
26.18,86.52,7.77,207.56,18.298,20.485
21.57,61.35,5.7,15.24,2.021,8.622
32.93,56.55,5.94,475.58,43.113,10.978
28.14,76.88,6.31,233.67,22.752,14.533
37.07,71.17,7.41,804.33,66.077,20.356
27.54,74.47,6.17,0.0,0.081,12.219
23.12,56.52,7.47,2.98,0.0,23.894
41.53,52.8,10.93,855.9,73.349,68.572
25.96,72.85,7.8,0.0,0.0,26.521
34.08,53.24,4.2,905.4,74.951,0.341
18.37,79.53,3.5,0.0,0.0,0.0
18.99,59.87,9.45,0.0,4.778,46.284
27.35,44.69,4.59,849.16,76.715,5.494
27.72,66.94,9.27,647.68,56.051,41.873
31.86,50.81,1.83,429.29,40.841,1.302
21.51,78.3,6.75,1.0,1.13,14.114
20.95,58.54,4.67,0.0,0.547,3.13
22.7,70.45,3.19,8.52,2.23,0.801
30.23,57.11,6.67,726.76,64.045,13.697
24.9,76.41,2.72,34.32,3.661,0.0
18.94,68.86,4.67,0.0,0.0,0.0
21.92,69.52,4.3,0.0,2.886,4.691
23.44,65.56,10.07,0.0,0.0,56.625
18.95,74.19,7.36,17.21,0.0,19.644
26.84,73.72,9.64,0.0,0.0,52.763
19.73,,7.69,0.0,0.0,23.166
23.25,73.06,2.74,299.42,26.704,0.0
25.4,60.09,5.17,0.0,1.555,4.401
21.35,72.41,1.86,9.8,2.916,2.208
21.95,89.89,2.11,14.03,0.0,2.868
23.08,49.17,3.18,329.58,30.643,2.955
22.49,87.26,5.46,35.94,2.592,10.441
27.0,84.53,5.52,0.0,0.0,6.778
19.42,58.37,7.29,0.0,3.413,24.191
21.92,76.09,3.2,0.0,0.0,0.0
25.6,77.72,5.36,422.32,41.908,4.123
37.72,80.41,8.03,545.63,46.362,25.877
32.03,74.3,5.5,453.88,43.641,8.408
21.43,96.42,7.52,0.0,0.0,21.659
22.37,64.74,6.57,260.76,24.173,14.966
23.39,55.8,6.05,285.93,27.399,12.192
28.37,58.21,5.74,237.58,25.013,9.949
20.45,75.06,9.39,194.19,19.095,47.451
16.37,67.86,4.38,0.0,0.419,2.962
28.97,61.72,8.66,402.07,38.247,33.458
24.2,54.75,6.61,11.62,0.0,11.961
21.6,84.95,7.26,0.0,0.673,20.225
19.37,82.49,3.53,0.79,0.0,0.0
24.57,,8.49,0.0,2.943,33.067
21.32,62.0,5.69,0.0,0.837,4.925
31.42,56.24,4.1,491.92,45.825,0.0
24.42,57.95,2.17,0.0,0.0,1.02
29.02,52.89,5.54,383.24,36.988,4.744
25.03,74.52,6.65,3.32,0.0,14.809
18.98,76.42,1.46,0.0,0.0,0.0
29.59,64.47,3.26,737.21,64.748,0.0
15.49,81.29,5.44,0.0,0.0,8.036
23.27,71.15,6.1,321.45,31.574,11.48
23.39,74.67,3.58,0.0,2.868,2.169
25.05,66.46,6.55,205.09,15.995,12.258
17.9,74.8,5.02,0.0,0.0,4.027
18.36,74.25,6.34,0.0,0.0,15.507
27.0,60.36,5.35,28.06,0.0,6.686
24.0,75.89,1.51,0.0,1.833,0.732
20.1,75.18,9.5,122.82,13.246,46.902
19.71,63.18,9.18,13.78,5.431,44.061
31.04,57.4,4.32,438.22,40.889,0.0
21.78,58.02,10.49,4.26,0.0,67.059
20.94,55.17,7.4,0.0,1.029,20.856
30.25,55.0,9.34,799.03,72.287,41.541
23.54,84.77,7.51,0.0,0.0,20.496
23.89,81.86,4.91,20.97,3.735,4.703
20.93,81.75,5.91,88.29,3.873,10.129
24.91,58.24,4.28,0.0,2.95,3.197
21.68,73.99,2.26,21.0,3.666,0.0
22.56,54.07,4.32,225.0,16.775,4.814
21.64,71.49,6.68,34.07,4.118,14.508
19.14,67.28,6.95,0.0,0.0,16.778
32.87,61.48,4.71,369.27,32.32,3.83
28.08,62.37,1.48,28.58,4.12,1.326
20.18,75.85,4.21,0.0,0.0,2.68
18.12,86.85,9.74,0.0,2.513,51.035
32.21,71.06,6.56,407.84,36.804,13.539
27.33,56.21,4.94,12.2,1.116,7.693
17.03,88.81,2.59,0.0,2.197,2.111
20.98,80.26,2.86,8.96,0.205,0.732
22.0,65.61,11.11,7.9,0.732,77.551
25.41,60.28,5.09,387.47,36.496,10.56
21.64,76.79,6.89,15.68,1.405,18.176
19.99,60.15,10.45,5.46,2.868,64.755
24.75,69.95,7.06,321.14,28.834,18.088
21.89,80.78,4.77,8.08,0.0,5.395
21.57,70.6,3.22,237.83,20.733,0.0
14.68,70.96,2.76,0.0,0.0,2.055
26.25,69.45,4.85,0.0,2.967,2.376
27.99,61.88,8.02,609.14,52.955,26.049
37.86,40.5,4.67,712.51,60.992,1.286
28.8,64.34,2.51,0.0,3.116,0.0
25.37,61.51,8.44,345.77,32.237,31.909
28.55,85.14,1.66,0.43,1.07,1.779
25.57,60.82,6.04,8.21,0.0,13.56
21.37,68.82,7.24,24.4,5.208,24.168
12.78,80.88,3.0,2.78,0.039,0.204
28.55,65.63,1.92,178.6,14.834,0.0
22.26,67.05,8.31,0.0,0.0,32.962
23.99,80.43,10.61,10.31,4.38,64.887
29.49,52.73,13.76,668.89,58.533,93.281
28.22,59.51,6.91,855.09,72.462,16.277
29.84,66.97,2.42,702.27,60.724,0.0
22.4,79.67,6.08,0.0,0.091,7.179
20.01,68.0,12.66,8.31,1.131,100.424
27.89,52.45,6.47,541.27,50.377,14.217
15.57,95.81,0.66,15.29,1.982,1.596
30.35,63.27,3.14,556.09,51.058,0.0
19.56,53.05,2.69,0.0,0.0,0.0
25.05,77.33,5.13,0.0,4.144,4.701
20.95,50.99,4.22,7.85,0.0,2.366
19.57,75.53,17.51,6.2,3.32,98.372
29.05,69.68,3.64,0.0,0.0,2.924
20.45,96.61,8.47,0.0,0.0,33.71
21.12,76.25,3.79,12.01,0.0,0.096
29.94,70.02,1.91,282.55,26.704,4.375
16.07,76.29,4.65,2.19,2.544,3.765
28.13,76.98,4.66,158.57,12.6,2.36
28.78,72.09,4.75,217.28,18.543,0.735
30.97,70.57,8.98,323.31,30.336,38.967
11.68,71.92,6.65,0.78,0.075,17.274
29.88,51.83,6.42,690.11,60.192,11.015
25.36,77.61,5.02,340.36,29.058,6.916
27.15,69.57,5.37,1.29,0.743,7.383
30.4,47.34,0.41,398.64,38.184,0.0
32.02,60.25,2.82,591.75,53.433,1.251
19.03,58.79,2.4,0.0,0.053,0.0
26.58,73.13,4.95,7.16,0.0,3.072
22.16,56.7,6.89,1.9,0.818,19.097
33.4,47.69,8.1,458.67,42.025,29.786
32.44,61.25,10.86,823.12,67.885,67.123
33.58,52.96,8.4,878.58,74.191,31.883
27.5,73.69,2.06,286.23,27.349,0.407
32.28,70.77,8.24,397.63,35.648,29.398
32.56,70.33,7.92,597.67,48.449,25.032
26.79,66.26,2.47,16.16,0.287,0.0
21.7,74.54,7.18,0.0,0.0,21.603
23.29,60.39,6.8,33.92,4.464,17.215
29.18,70.56,7.03,387.25,40.588,14.114
25.7,75.85,1.49,25.81,2.76,0.0
25.13,69.65,4.62,0.0,0.0,0.366
21.33,82.38,6.76,23.71,1.997,13.52
23.53,87.42,2.92,305.0,28.462,0.0
23.14,81.18,2.39,0.28,1.541,0.0
27.64,52.79,0.7,844.55,76.721,0.0
23.74,77.83,7.46,9.93,3.749,22.083
22.97,74.87,6.85,16.51,2.689,16.729
16.61,89.07,2.65,0.0,0.0,2.287
21.46,78.84,5.64,1.27,3.092,5.43
35.76,68.34,4.26,324.64,28.431,3.436
30.56,43.12,5.16,739.31,65.671,6.834
22.94,88.73,9.01,8.59,0.344,37.75
28.92,74.02,2.75,0.0,0.0,1.068
23.3,66.16,3.88,3.09,2.848,2.544
22.2,80.74,3.06,153.64,16.107,0.015
31.92,52.29,0.63,759.44,61.523,0.0
27.45,57.68,15.95,239.53,24.707,97.784
24.47,71.83,5.8,2.17,0.0,10.022
25.94,74.58,3.35,0.0,1.977,1.415
14.29,72.78,2.87,23.59,2.541,0.0
20.01,68.52,7.37,15.15,0.0,20.507
22.27,66.13,7.35,4.35,0.483,18.334
21.67,99.64,10.12,134.18,10.945,60.514
21.34,42.28,13.87,908.14,79.65,95.636
27.71,50.13,4.23,673.57,62.42,5.697
23.16,82.82,4.62,90.39,9.482,6.016
20.23,65.62,7.24,1.71,3.166,20.786
20.5,54.51,6.43,5.41,0.0,16.046
28.49,64.91,9.36,482.41,41.957,42.704
31.93,61.79,7.28,705.35,62.797,18.392
21.55,70.39,4.28,0.0,0.0,4.791
28.06,61.81,6.06,0.0,0.0,9.103
23.31,59.87,5.84,0.0,1.05,7.178
18.43,76.44,8.79,19.92,1.728,37.203
26.2,70.75,1.82,358.29,32.299,0.0
28.77,79.23,5.92,318.47,26.398,13.875
28.11,70.57,7.32,184.74,19.272,22.05
20.25,60.56,5.47,10.02,0.266,6.727
21.79,91.31,6.78,0.0,1.236,14.329
27.57,58.73,3.5,312.63,30.295,1.581
34.19,63.8,8.57,403.07,38.355,35.568
24.15,57.23,2.25,17.57,1.264,0.582
26.98,54.1,9.51,536.57,48.52,45.108
24.15,88.3,4.94,0.0,0.0,2.47
24.14,61.79,4.61,0.0,0.0,3.272
22.75,53.79,3.73,0.0,0.682,2.046
16.67,88.07,9.24,0.0,0.0,43.631
23.31,70.63,10.23,0.0,0.632,61.651
21.83,75.97,5.58,8.82,3.801,9.487
20.93,74.13,4.1,203.35,18.728,2.893
21.7,84.36,9.91,0.0,0.0,55.316
26.93,66.02,1.45,373.52,33.825,0.0
23.57,56.31,2.27,458.54,40.179,0.0
22.89,76.53,5.63,138.14,15.969,6.593
33.91,71.88,5.87,487.17,43.177,10.421
32.08,72.39,8.83,338.8,29.269,34.666
34.71,58.38,4.11,835.36,69.741,2.506
21.3,84.83,9.13,30.08,0.569,41.951
26.27,68.21,5.98,144.87,15.864,11.745
23.91,57.57,4.7,0.0,3.674,1.977
22.59,65.99,4.61,248.79,20.881,4.974
20.49,67.28,2.3,0.0,2.087,0.0
21.05,50.42,5.76,12.91,0.807,7.505
34.01,57.14,10.47,546.71,50.975,61.44
26.56,72.29,0.99,137.16,9.391,2.389
20.01,63.06,4.1,15.64,2.014,0.752
20.19,94.45,6.42,15.92,0.733,10.188
30.84,80.0,5.84,842.73,72.74,7.684
21.14,55.31,8.2,0.0,0.122,29.44
18.68,85.66,6.34,0.0,0.045,16.965
24.89,81.37,5.72,0.0,0.0,9.873
21.35,74.75,7.89,22.08,5.297,25.215
21.79,82.23,5.92,11.18,0.743,10.063
24.14,64.55,2.8,0.0,1.729,3.142
28.67,48.69,6.29,879.32,78.081,11.979
22.59,71.09,6.02,0.0,1.778,10.487
33.19,59.62,9.64,632.06,53.427,47.235
26.99,72.64,3.13,15.11,2.872,1.599
24.16,62.1,8.88,396.92,37.937,37.272
18.11,75.65,9.24,78.01,5.337,46.067
23.0,100.0,3.29,91.08,8.221,2.609
28.55,78.35,3.7,198.68,23.114,2.562
26.72,78.95,2.5,245.0,22.091,0.0
33.22,51.13,10.49,774.67,66.38,59.617
22.06,60.14,6.48,257.68,25.769,13.644
26.03,70.73,6.63,348.47,31.347,13.613
17.17,58.17,4.88,138.56,14.136,3.655
22.09,63.5,2.56,0.0,0.0,0.0
24.31,56.28,7.88,646.92,59.874,27.241
26.04,67.43,10.25,0.0,0.0,58.114
27.7,57.44,3.51,0.0,3.904,0.0
23.17,68.21,10.44,0.0,0.092,61.548
26.48,71.98,4.32,651.87,57.729,6.399
27.21,71.12,2.23,274.01,27.662,1.097
33.55,65.79,3.23,237.27,18.999,0.0
23.27,65.21,6.89,17.16,5.073,19.766
32.42,66.6,9.88,394.52,33.661,51.503
19.32,68.85,4.05,0.0,2.385,6.834
20.93,65.27,5.15,0.0,2.913,6.837
27.54,80.08,2.8,379.03,33.595,1.131
16.29,,9.04,13.63,0.518,43.28
33.0,69.92,8.69,268.26,24.284,37.758
32.06,48.87,2.86,830.86,73.185,0.0
29.34,70.55,7.59,233.64,19.762,25.74
26.6,76.68,10.76,252.47,23.389,67.672
19.36,54.78,8.79,0.0,0.0,36.997
27.43,58.85,5.92,11.24,0.0,10.205
19.91,51.55,6.27,0.0,0.0,14.521
21.92,80.05,4.55,19.56,2.168,3.215
25.27,80.9,7.64,150.66,14.516,27.087
29.88,63.02,9.14,596.08,51.656,43.765
18.39,92.29,7.41,0.0,0.158,22.112
30.83,53.78,4.36,701.66,60.637,1.177
19.31,78.33,2.72,2.4,2.852,2.002
24.88,60.86,2.72,0.0,0.0,0.0
25.96,76.12,12.2,140.43,15.55,97.819
22.02,85.16,8.93,0.0,0.0,37.688
25.7,65.85,95.0,405.27,38.293,4.148
28.62,83.91,2.41,4.29,1.6,0.0
25.46,67.92,4.89,320.33,29.78,3.777
26.05,61.84,5.23,605.67,53.856,7.456
22.42,73.0,6.4,71.65,6.68,14.697
21.03,74.03,2.84,2.76,1.758,0.0
24.22,81.38,9.28,38.08,1.255,43.281
33.46,57.89,6.96,770.85,67.784,19.074
25.43,70.97,7.68,199.27,19.572,26.165
33.14,53.02,9.22,766.59,65.891,41.085
25.37,63.25,8.01,0.0,0.0,26.452
36.03,55.67,3.79,637.9,55.512,0.0
31.04,44.26,1.06,707.42,66.131,0.507
18.17,68.5,1.98,0.0,0.696,1.625
20.6,80.24,9.43,0.0,0.0,47.116
17.6,63.0,3.28,196.83,18.567,0.0
23.47,56.02,4.06,6.67,0.0,5.857
26.01,76.5,1.48,82.98,4.163,0.0
29.2,70.35,7.47,323.03,27.444,23.631
25.9,60.39,1.43,195.62,18.963,0.433
30.3,83.02,4.18,455.24,43.171,3.502
24.66,66.46,4.6,5.54,2.535,2.43
32.68,65.27,5.25,503.41,42.518,6.223
27.84,66.24,6.35,280.58,24.637,13.511
29.12,63.05,3.56,432.19,37.645,0.847
16.31,69.41,8.2,0.0,0.0,27.151
25.16,67.47,4.98,16.19,1.244,8.918
23.42,66.86,3.57,28.21,4.375,2.357
27.88,85.64,4.5,314.55,28.309,3.661
18.08,66.56,10.12,0.0,0.0,58.955
31.3,70.59,11.63,285.73,24.526,89.445
20.74,77.06,8.14,12.95,0.619,28.023
21.56,85.86,13.4,0.0,1.54,95.837
23.75,69.3,1.54,186.11,17.494,1.7
32.17,84.92,2.1,580.02,51.692,0.925
20.32,67.56,3.35,31.58,2.972,0.0
22.89,58.52,3.63,11.23,1.587,3.38
18.97,66.28,9.37,0.0,0.0,46.713
19.89,74.71,3.75,3.48,0.0,0.0
27.67,67.61,7.82,185.18,15.001,26.429
18.33,81.19,3.5,0.0,1.203,1.604
27.53,62.85,1.28,200.99,18.474,0.0
32.02,42.26,1.76,865.47,67.797,0.769
18.82,53.76,2.83,8.95,1.868,1.252
31.19,70.61,4.35,367.83,35.359,4.893
32.08,45.37,5.86,635.8,55.06,9.903
24.51,72.53,5.23,0.0,0.961,6.076
26.26,73.33,4.09,2.64,0.0,2.815
36.27,53.44,6.21,771.01,61.541,13.987
21.48,68.28,3.73,2.54,4.157,2.698
22.77,83.73,7.88,0.0,0.0,25.856
31.38,57.02,1.29,597.85,53.639,0.111
30.98,42.53,2.15,836.06,71.823,3.331
18.81,78.05,5.71,0.0,0.0,10.711
24.3,55.1,4.32,28.95,3.182,3.347
31.07,53.0,5.57,356.57,30.834,10.422
25.57,63.42,11.49,15.54,4.907,83.321
19.46,67.8,12.32,0.0,1.676,99.133
32.45,85.93,3.18,250.74,23.74,4.036
21.04,69.64,5.93,10.09,0.715,11.731
16.76,75.02,3.81,89.26,7.346,4.886
26.54,65.91,9.08,0.0,2.06,40.674
20.09,68.3,1.01,0.0,1.221,0.0
33.35,76.84,7.37,252.32,22.13,22.924
32.27,64.69,9.04,519.68,44.113,35.796
20.72,77.53,4.81,13.99,0.0,5.228
29.27,72.41,7.46,255.81,23.784,23.807
36.86,71.77,2.79,534.2,45.756,1.125
25.78,64.75,9.19,0.0,2.371,38.179
30.38,71.07,8.85,502.61,46.985,34.457
32.45,72.47,2.12,0.0,0.078,0.0
32.9,47.39,2.89,925.2,78.692,0.95
25.72,79.42,6.91,0.0,0.0,18.236
17.65,76.4,10.17,0.0,2.122,59.632
16.29,71.14,1.84,0.0,0.0,1.46
21.94,71.78,4.29,5.74,1.776,3.844
31.92,59.4,7.35,783.43,70.093,20.248
24.58,75.06,4.19,107.34,9.185,3.737
16.06,89.53,4.58,0.02,0.0,2.744
24.79,69.5,6.46,17.98,6.691,15.071
20.22,84.56,2.41,0.0,1.189,0.0
22.41,80.93,2.72,0.0,0.0,0.975
29.6,68.43,5.16,201.1,21.297,7.099
27.85,68.78,2.48,318.05,28.916,0.0
27.73,62.44,3.66,664.58,59.998,2.511
28.15,66.9,3.26,0.0,0.0,3.513
24.86,72.65,5.49,0.0,0.0,5.841
23.27,60.6,6.01,0.0,0.0,12.785
29.37,85.97,5.09,154.13,12.809,8.045
28.6,71.41,3.56,482.68,44.137,0.604
24.1,71.08,6.46,244.16,21.92,15.398
19.7,94.55,7.26,85.7,9.438,20.046
19.77,91.35,3.6,0.0,0.0,3.64
28.21,89.0,3.13,289.53,23.054,0.0
24.37,87.53,7.93,0.0,1.242,29.761
32.46,53.33,1.77,913.54,79.05,0.0
26.2,75.72,2.04,2.61,4.759,0.18
25.65,54.16,5.35,241.67,23.173,5.54
17.73,87.79,9.51,1.43,0.508,51.56
16.47,93.21,7.73,11.54,2.099,24.993
22.37,67.26,7.74,1.45,2.182,23.976
20.12,60.21,5.31,20.77,3.992,9.343
30.89,68.19,6.46,154.92,15.142,15.004
24.28,72.52,5.99,0.0,0.0,10.037
20.33,86.97,5.84,22.13,3.849,7.958
28.52,70.01,11.15,13.68,1.165,74.086
21.43,77.48,9.79,211.61,17.72,55.037
29.16,58.6,2.52,524.39,44.545,0.838
36.28,55.45,5.82,592.15,51.101,9.635
22.98,67.33,8.26,11.93,1.415,31.641
29.68,89.01,2.13,81.12,12.516,0.0
31.68,72.4,4.86,454.75,40.455,4.226
28.49,62.99,5.82,212.97,20.172,8.982
31.02,63.07,1.48,363.77,32.479,1.963
20.38,73.25,2.66,0.0,1.238,0.0
19.25,69.4,5.41,5.72,1.132,9.725
22.74,78.34,4.21,90.56,7.485,6.324
26.37,77.61,6.41,483.27,41.875,9.924
20.25,83.0,4.9,8.22,0.003,5.249
22.79,82.75,11.62,0.0,0.0,89.266
26.25,76.28,5.86,22.54,1.709,11.59
24.16,70.36,2.96,14.09,1.66,0.0
31.02,64.48,6.82,129.93,11.231,16.864
13.53,82.18,2.66,0.0,2.909,0.0
16.41,75.09,5.4,7.75,3.098,7.059
23.21,57.86,7.5,153.85,14.534,26.669
26.18,64.96,3.33,0.0,0.0,0.122
20.08,83.12,7.07,0.55,0.0,19.783
24.35,69.09,3.53,235.9,22.182,0.735
20.15,75.47,4.27,0.0,0.0,3.433
28.84,55.25,12.46,922.29,78.826,96.522
18.53,55.68,4.55,0.0,0.0,5.707
34.2,74.4,7.01,268.8,24.404,15.983
19.87,85.99,3.42,0.0,0.0,1.047
23.88,83.44,3.65,90.01,8.11,1.609
21.05,80.83,5.7,6.4,0.816,5.813
30.58,59.96,3.54,685.22,60.238,0.0
28.56,55.43,1.67,669.92,60.049,1.782
27.63,70.9,2.93,320.87,28.966,0.0
26.17,77.98,7.88,191.95,18.817,31.358
33.31,70.65,6.8,426.86,36.687,17.812
30.3,70.23,5.86,321.2,27.294,10.625
16.96,85.62,5.94,12.34,0.0,13.66
33.48,59.73,5.03,672.73,57.267,7.09
22.46,80.35,11.75,0.0,0.0,91.772
21.7,60.69,5.1,0.0,0.0,3.222
23.99,60.13,8.66,0.0,1.007,36.862
30.41,71.33,5.24,484.32,46.0,9.321
30.28,38.71,7.59,666.17,60.999,21.696
21.65,87.52,5.98,0.0,0.0,7.08
17.8,78.73,7.82,1.05,0.0,24.116
29.78,45.98,8.88,36.45,3.927,41.126
19.36,68.16,5.41,178.31,14.235,7.756
23.7,72.43,6.1,0.0,0.0,14.318
22.29,78.36,3.58,0.0,0.0,1.116
22.38,88.09,4.33,18.65,0.0,2.1
19.57,80.89,16.72,13.12,4.256,102.709
27.04,50.53,6.56,12.09,0.0,13.667
23.67,63.08,1.04,20.4,1.296,0.0
18.45,78.25,1.33,0.0,0.0,0.921
25.61,75.82,7.48,273.72,24.709,21.633
29.88,69.67,2.93,519.74,47.515,1.556
17.72,53.86,5.1,9.49,0.0,7.056
29.28,52.85,9.29,0.0,0.764,44.308
23.49,93.8,5.73,6.82,1.293,7.992
28.17,65.94,9.66,0.0,0.0,45.792
26.35,95.4,11.41,13.47,1.75,80.818
20.17,67.13,1.99,6.12,0.0,0.0
26.74,71.79,6.86,546.36,47.053,17.298
18.04,,5.2,250.47,25.29,4.969
21.24,76.52,5.32,3.16,0.0,4.193
30.36,62.98,4.38,202.71,19.734,0.889
18.72,78.43,7.27,8.63,1.62,21.493
26.46,78.19,8.52,294.79,24.545,34.773
21.45,60.65,2.21,6.21,2.1,0.0
25.34,77.03,8.39,156.63,15.462,31.207
27.7,58.89,1.0,17.22,0.501,1.228
18.53,66.78,3.79,33.64,3.092,1.936
16.91,57.88,7.46,13.73,2.933,25.018
25.29,77.14,4.41,3.09,0.0,3.011
31.79,79.86,7.53,409.95,40.889,20.555
30.45,60.46,13.88,777.38,70.648,97.085
35.61,71.21,6.73,567.01,49.411,14.596
18.21,70.99,3.93,32.48,2.785,0.394
31.52,88.54,4.01,236.41,21.117,3.883
21.18,78.66,6.05,17.32,0.5,14.073
28.44,71.03,6.23,209.25,19.863,12.399
18.59,67.89,2.27,208.4,21.763,0.0
21.41,78.65,4.45,0.0,0.0,6.595
25.45,81.74,3.1,100.84,10.897,0.907
22.34,65.97,3.03,8.66,2.724,0.494
27.57,75.48,9.21,137.41,14.138,41.663
33.41,75.28,5.06,518.33,45.283,7.943
17.16,88.62,7.56,22.07,3.243,21.377
30.28,47.52,3.72,451.15,44.068,0.0
17.28,78.35,8.64,23.79,2.254,39.834
22.56,64.64,3.9,3.55,0.399,0.134
24.1,65.67,5.4,0.0,4.265,9.338
23.88,51.32,6.02,312.33,30.543,13.63
33.99,72.1,12.26,765.02,62.999,94.237
27.32,67.42,3.12,269.76,27.031,0.0
24.98,69.28,8.37,221.08,21.823,33.103
22.23,68.79,7.7,0.0,0.0,27.384
19.83,89.27,2.14,67.21,4.33,0.685
18.66,76.02,5.86,0.0,0.477,8.602
29.82,63.48,4.12,326.98,30.086,3.015
20.92,78.88,1.56,5.46,0.0,0.0
28.54,55.3,8.04,1001.23,85.437,25.764
25.56,74.43,9.0,84.12,7.776,39.323
20.79,56.52,1.8,0.0,0.0,0.123
17.1,66.5,4.09,0.0,0.983,0.024
14.98,58.6,2.13,0.0,0.0,0.499
27.57,68.83,5.62,178.35,14.647,9.521
21.29,68.23,3.86,0.0,0.0,1.338
18.57,,2.2,8.79,3.522,0.0
24.28,57.13,5.69,4.81,5.211,9.183
25.52,70.58,7.01,0.0,0.01,21.636
25.15,56.26,4.67,426.67,40.021,5.178
24.4,97.99,8.6,14.17,0.0,34.766
28.89,79.01,2.03,0.0,1.809,0.0
24.72,94.37,1.91,18.36,2.654,1.154
29.46,66.62,2.7,242.1,23.15,0.417
22.63,77.5,1.53,0.0,0.0,1.415
22.03,60.78,3.32,5.37,4.494,0.0
21.72,68.41,0.61,0.0,3.041,0.243
31.81,57.75,8.15,573.81,51.72,27.687
17.66,81.0,2.93,2.81,2.264,0.743
22.31,80.58,0.34,170.79,16.466,0.0
17.68,69.88,9.56,0.0,1.642,48.523
32.68,49.09,2.87,842.74,70.018,1.085
31.09,50.05,2.52,624.89,51.281,1.407
20.55,71.28,7.21,11.67,0.0,19.988
31.59,77.83,2.54,440.59,37.727,0.0
19.13,81.11,5.15,0.0,0.0,7.643
18.81,90.51,6.87,15.34,2.402,20.383
24.64,73.97,4.3,3.07,0.0,1.306
34.54,,3.25,797.58,68.087,0.0
20.52,77.1,7.39,0.0,0.0,23.308
33.51,42.25,5.07,991.29,81.267,7.386
19.5,69.97,10.07,0.0,0.082,59.812
20.08,,2.5,0.0,0.0,2.029
27.72,63.56,5.3,280.66,26.32,3.803
23.93,70.67,5.8,10.9,2.155,8.645
32.86,60.29,7.46,815.12,73.102,22.728
21.37,82.25,1.7,0.0,0.0,0.0
20.54,70.61,5.58,0.0,3.627,9.201
23.57,82.19,5.88,0.94,0.904,9.788
22.23,85.25,2.43,0.0,1.379,0.0
33.19,71.29,0.74,647.44,58.258,0.0
21.37,55.52,1.59,6.87,2.127,0.0
25.68,65.39,3.55,0.0,0.0,0.0
17.65,94.24,11.32,12.81,3.426,82.868
28.46,72.27,2.59,649.86,56.746,0.0
20.55,66.16,13.18,0.0,0.603,99.244
22.96,65.85,10.78,355.18,33.851,69.53
21.79,69.45,8.01,0.0,2.288,31.301
23.7,69.36,5.4,23.99,3.134,9.92
15.23,90.78,11.05,0.0,0.0,76.653
29.02,75.97,10.72,572.9,55.104,67.977
15.8,78.76,10.84,0.0,1.67,75.51
32.86,74.98,8.48,360.49,31.321,31.033
28.77,62.48,6.4,473.57,40.887,11.664
31.62,60.84,4.45,661.89,60.092,5.985
22.67,59.11,5.05,4.93,0.0,7.224
32.68,69.93,2.87,648.81,58.054,2.148
31.46,76.59,2.75,334.58,32.473,0.631
18.0,83.3,4.15,121.41,10.578,2.063
29.28,66.82,7.31,197.2,17.031,17.707
27.74,87.65,4.31,160.73,14.052,3.272
21.64,74.76,8.62,11.43,0.0,37.659
21.07,66.98,2.16,0.0,0.459,2.488
13.54,56.78,2.16,0.0,0.745,2.142
21.52,80.72,8.13,210.83,21.619,30.96
22.13,87.08,3.73,2.17,0.0,5.845
26.53,62.98,2.34,5.07,2.174,0.0
22.58,86.27,2.69,0.0,0.0,0.462
20.38,86.56,5.94,9.84,2.643,8.669
28.08,71.73,1.44,4.31,0.0,3.105
31.17,68.45,4.27,274.65,28.428,1.731
31.03,61.04,4.07,884.09,74.559,4.274
30.43,67.4,0.99,0.0,1.198,0.0
27.11,64.58,0.94,631.2,58.026,0.841
21.82,62.47,1.79,284.33,24.785,0.0
21.33,58.14,4.52,0.0,1.67,3.728
17.96,84.16,5.5,32.71,2.13,8.778
21.89,73.8,5.03,13.68,0.733,7.604
25.27,75.35,13.37,0.0,0.0,96.34
29.15,71.89,4.69,484.24,46.89,6.052
23.96,56.49,5.19,0.0,0.0,8.528
29.96,62.1,9.98,439.29,40.882,53.274
15.55,69.3,9.14,13.46,0.115,46.949
15.54,84.38,5.94,0.0,2.182,12.233
20.08,86.14,3.17,0.0,4.643,0.0
23.59,54.88,5.06,240.08,21.912,7.082
22.93,59.14,6.11,3.08,0.585,13.562
27.86,78.64,7.13,5.55,0.0,20.06
19.97,96.23,4.41,0.0,2.076,3.804
17.3,70.04,3.67,0.0,0.0,0.0
19.91,82.44,10.64,15.98,3.383,66.219
32.83,51.04,5.86,429.34,38.234,11.016
27.43,75.78,3.67,89.85,13.037,0.0
24.98,62.48,1.39,2.22,0.0,1.028
16.49,77.05,12.41,27.54,3.508,101.256
21.87,84.04,2.87,2.59,0.232,0.0
31.77,59.56,3.18,666.92,58.525,0.0
26.56,72.54,4.94,282.02,26.938,3.823
21.4,62.36,1.37,0.0,0.117,1.37
21.4,72.47,3.73,0.0,0.438,3.938
22.72,79.76,13.2,136.45,13.931,93.227
26.49,56.56,5.66,455.45,45.716,8.873
24.71,85.03,3.72,5.27,0.0,0.0
26.81,71.7,4.39,145.35,17.511,3.444
29.98,51.6,2.73,697.05,67.024,0.0
22.21,74.42,6.06,9.19,0.0,15.966
23.17,69.31,3.43,20.54,2.111,0.0
30.32,62.46,9.25,0.0,2.743,44.84
24.97,84.38,7.3,3.66,2.19,22.545
30.33,85.52,2.28,341.86,34.24,0.0
21.17,56.57,9.44,0.0,0.744,47.128
30.72,59.99,0.52,808.75,65.971,0.001
24.64,89.54,11.82,17.02,4.243,90.971
30.8,60.69,6.88,494.14,45.857,14.967
29.12,64.54,2.93,757.26,69.202,0.0
32.38,69.45,14.41,739.83,60.628,92.036
31.09,60.47,0.43,344.26,29.206,0.0
16.3,69.92,5.66,0.0,0.033,8.629
19.3,87.74,3.92,29.79,5.587,2.254
28.7,50.67,8.12,412.46,41.489,29.365
15.48,76.23,4.7,1.7,0.0,4.111
24.27,66.28,95.0,394.08,36.055,0.168
21.83,76.9,7.95,6.6,6.392,28.129
28.06,86.09,6.72,224.43,19.663,17.16
25.49,62.06,5.87,24.95,3.79,8.955
28.22,63.58,9.26,0.0,0.0,41.094
21.89,60.97,6.18,16.51,2.59,11.106
29.08,78.92,6.51,482.19,41.52,13.558
27.77,53.78,4.85,798.94,68.887,7.208
22.96,70.12,8.85,149.89,13.742,39.483
27.18,73.14,1.39,194.21,17.21,0.0
24.04,,5.38,14.04,0.758,11.138
24.49,81.93,7.84,145.15,14.865,25.854
30.75,79.15,3.39,293.88,30.59,3.502
26.01,73.02,6.98,2.98,0.0,20.171
30.63,68.69,7.16,512.23,43.867,21.228
30.29,60.47,4.34,246.34,23.02,3.704
20.55,66.75,3.29,0.0,0.0,0.726
22.77,75.0,7.56,0.0,0.0,23.227
27.3,67.85,0.75,233.75,24.132,1.7
33.34,50.79,10.52,743.88,64.863,61.262
17.8,72.72,0.85,0.0,0.357,0.0
31.45,54.89,3.53,882.54,71.864,4.273
15.2,91.33,5.55,0.0,0.0,9.707
33.73,59.36,95.0,849.45,69.351,2.941
28.37,61.76,2.45,128.19,12.191,0.0
23.99,82.34,2.91,6.79,0.926,0.0
32.44,51.65,0.4,662.25,58.709,0.668
23.75,81.4,6.0,13.55,0.0,10.697
23.68,73.89,6.41,12.75,0.0,11.027
33.49,51.56,3.43,746.34,64.423,2.26
24.99,65.95,1.86,0.0,0.714,2.155
19.16,74.44,4.23,0.0,0.0,2.265
20.43,81.0,6.01,0.0,0.0,12.559
22.9,61.09,3.03,4.29,0.0,4.101
19.49,72.91,3.52,0.0,0.0,4.004
18.23,72.58,7.88,17.11,0.803,26.422
20.02,70.62,1.7,0.2,0.0,0.0
22.29,79.64,7.79,0.0,0.0,26.021
26.29,57.49,7.42,0.0,2.472,26.297
22.92,61.0,7.54,28.93,2.269,25.628
30.27,67.22,95.0,9.97,0.0,0.0
20.1,74.28,5.35,15.73,0.0,10.409
24.47,58.77,6.36,0.0,3.673,15.47
25.06,84.65,7.08,0.0,2.279,14.796
25.01,78.77,7.49,0.0,0.569,24.458
24.94,88.31,9.93,98.58,11.692,54.409
24.89,83.04,5.95,0.0,1.055,8.725
22.23,76.43,6.45,0.0,0.0,14.049
27.94,54.78,1.61,0.0,0.0,0.829
29.18,79.68,5.19,191.06,21.584,4.713
20.66,65.85,5.03,0.0,0.0,5.521
30.36,56.0,4.02,595.34,52.549,1.463
15.99,91.94,7.33,0.0,0.075,23.114
25.6,77.32,5.01,5.2,0.612,4.997
22.22,71.09,3.68,20.7,3.185,0.0
27.89,69.97,3.83,0.0,0.919,0.74
23.16,59.94,10.09,0.0,0.0,55.213
18.76,65.27,9.95,175.63,17.327,52.932
28.93,69.64,6.21,0.0,1.086,14.249
30.33,56.38,9.35,564.24,49.403,45.768
29.62,44.9,9.27,937.8,84.066,41.063
29.03,66.99,5.38,195.0,18.284,4.699
27.75,66.57,2.36,0.0,3.197,0.0
25.12,57.49,7.76,220.72,18.392,22.32
23.57,63.26,8.61,0.0,1.309,34.448
24.54,,4.3,16.73,0.0,3.129
19.62,66.4,11.52,27.81,1.503,87.531
29.39,63.69,8.82,813.19,72.403,37.523
27.18,74.12,5.42,15.29,1.014,5.896
29.47,68.1,3.68,647.49,62.438,1.425
25.26,68.59,7.84,357.59,34.442,28.413
27.33,78.83,7.44,332.33,29.225,17.462
27.84,74.88,11.6,160.45,16.16,86.956
14.28,84.57,1.34,0.0,0.0,0.0
30.03,52.3,3.53,582.87,54.179,3.761
31.27,54.22,2.62,8.05,0.183,1.634
37.47,56.78,6.18,712.64,61.602,12.957
22.89,67.08,7.2,4.68,0.858,18.139
27.71,62.77,9.43,31.99,3.252,46.169
26.48,66.57,10.21,23.03,4.319,59.443
26.93,64.33,1.92,380.55,31.715,0.0
34.9,44.98,8.18,824.81,70.964,28.865
31.04,78.27,6.85,236.7,20.337,17.639
26.27,80.4,4.94,485.96,41.348,2.467
23.59,85.28,14.1,18.0,0.065,98.31
30.13,88.34,0.8,317.21,27.468,0.199
23.9,62.92,6.48,0.0,0.0,16.735
23.45,60.92,2.32,6.88,1.355,0.0
31.85,63.83,5.07,685.45,60.949,6.106
28.69,67.42,6.67,359.83,32.337,15.785
25.02,60.68,8.25,3.73,3.536,24.749
33.83,58.75,3.0,930.27,77.425,0.0
19.63,82.09,4.14,14.67,0.0,2.713
28.05,47.23,1.78,656.63,58.653,0.0
25.65,59.91,1.76,364.51,34.303,1.348
28.65,66.83,2.63,369.65,27.493,0.172
25.9,75.06,1.65,226.89,23.788,0.16
26.52,74.17,7.43,128.54,12.036,23.091
21.47,94.82,2.75,27.67,0.37,0.0
33.04,47.31,6.18,581.94,50.032,11.657
19.61,74.25,8.54,0.0,1.523,36.169
18.19,73.69,0.62,0.0,1.768,0.111
25.37,82.77,6.82,4.32,0.0,12.746
30.74,55.9,4.73,616.35,52.243,4.497
19.45,81.87,4.01,0.0,0.262,2.309
34.53,61.92,4.93,873.58,74.185,6.896
24.34,80.87,5.65,19.96,3.062,8.07
24.53,84.96,6.87,284.01,25.371,14.999
24.55,69.37,2.5,0.0,0.0,0.0
18.85,88.37,8.43,31.57,3.138,36.043
25.56,84.28,6.89,0.0,1.934,17.568
19.8,60.86,4.61,5.14,3.174,6.87
21.23,83.78,1.36,15.96,4.761,3.073
30.73,70.99,5.86,694.11,63.105,8.209
15.47,84.6,6.48,0.0,3.627,12.765
24.4,77.03,5.76,0.0,2.026,9.077
23.67,72.34,2.11,381.0,34.437,1.229
25.32,87.56,2.49,312.97,32.003,0.0
26.26,75.35,11.5,83.26,5.217,85.346
21.63,51.92,9.93,0.0,4.729,55.481
26.91,55.43,7.96,615.3,53.868,24.676
32.43,62.81,10.36,589.29,53.817,58.033
23.23,70.54,6.09,10.2,3.89,12.237
20.01,73.23,5.41,0.0,0.919,11.727
26.64,71.33,7.59,0.0,0.0,22.552
20.6,59.53,4.63,153.87,13.238,4.82
22.34,70.4,4.27,18.93,2.576,1.707
25.92,64.81,1.49,0.0,1.271,0.473
24.18,66.26,7.3,376.45,34.953,19.404
35.9,76.03,2.24,652.1,55.763,0.0
22.49,73.93,4.9,27.95,0.0,10.078
33.5,48.74,8.88,719.7,66.413,37.359
28.09,61.91,2.36,233.29,21.239,0.0
25.55,92.46,6.08,266.88,26.27,12.498
24.22,77.43,7.49,227.55,24.346,24.694
30.21,67.79,6.81,607.94,51.556,17.461
23.39,62.42,13.79,0.0,0.256,96.818
18.99,83.5,4.61,18.78,2.408,2.278
18.0,69.85,4.28,1.17,0.0,1.214
29.78,74.27,7.53,213.21,21.664,21.996
22.56,72.54,3.41,131.5,11.396,0.0
32.41,,6.01,676.04,59.06,9.439
22.25,62.05,3.37,15.93,0.838,3.086
24.41,74.7,8.51,186.98,22.465,35.402
28.0,78.77,5.32,122.3,10.209,9.494
21.29,,7.44,10.07,2.491,20.606
19.38,100.0,1.94,2.85,3.871,0.0
22.96,53.25,13.61,0.0,0.0,97.468
25.5,65.21,5.57,290.64,27.618,9.114
19.28,81.95,4.42,0.0,0.0,3.589
21.06,79.34,11.82,18.61,0.0,94.318
32.46,58.82,3.06,409.59,35.585,3.258
25.72,54.05,4.65,0.0,0.0,3.718
19.2,76.15,4.66,20.58,1.018,5.898
32.74,48.24,5.5,636.2,55.819,8.758
27.2,58.95,7.62,803.97,70.855,23.595
25.36,76.72,5.91,20.69,0.0,11.683
25.04,81.16,4.36,18.74,2.511,1.63
30.07,66.94,3.38,18.03,4.151,0.0
23.78,86.95,11.89,0.0,2.661,95.21
23.27,69.48,16.03,6.6,0.128,93.934
28.98,70.31,3.98,185.01,19.152,3.046
21.77,63.43,3.49,0.0,0.0,0.0
22.64,60.63,13.23,9.15,0.22,100.452
21.26,77.95,12.63,3.91,1.182,97.081
33.87,50.99,4.61,637.71,55.461,6.808
19.33,78.26,4.84,0.0,0.0,4.577
21.06,50.93,4.36,22.47,3.923,2.715
21.59,75.98,11.76,11.68,0.0,93.699
22.55,91.52,7.51,8.14,0.0,23.273
27.23,62.26,5.64,365.61,36.13,8.463
22.18,92.36,2.17,17.36,2.753,0.0
24.49,71.3,4.78,15.33,1.847,3.897
33.62,49.76,1.06,575.94,48.286,4.715
23.47,58.01,2.7,14.85,0.0,0.0
20.14,83.34,2.87,2.61,1.051,0.0
25.5,89.01,5.29,28.75,4.008,9.233
26.52,87.59,2.03,207.65,19.861,2.204
23.75,88.91,3.06,0.0,0.0,0.0
29.07,71.95,3.92,34.96,2.324,0.0
22.73,76.97,3.96,0.0,0.432,4.56
17.22,76.95,2.02,9.56,0.0,0.0
17.62,82.96,8.49,0.0,0.183,33.139
19.68,92.8,8.35,28.23,0.0,32.32
30.25,58.71,9.64,413.29,35.732,46.425
30.56,83.96,8.08,280.0,25.863,29.74
30.25,46.99,2.12,0.0,1.166,0.042
30.54,75.06,6.27,329.32,30.718,10.498
29.16,53.49,8.76,673.08,57.868,34.53
19.24,66.84,3.03,0.0,0.0,2.646
29.33,61.05,7.72,221.28,20.785,23.727
22.07,65.15,3.34,4.05,0.0,1.809
23.05,64.37,12.84,418.78,41.206,97.261
28.95,74.63,9.13,261.26,22.041,37.721
18.78,81.47,9.13,0.0,4.468,44.069
19.13,95.17,5.5,4.66,0.0,10.213
29.27,60.9,95.0,567.62,51.984,13.39
25.68,49.1,6.31,501.21,45.155,8.944
19.43,70.29,3.63,8.27,0.488,0.0
18.96,91.15,2.75,23.59,2.679,1.278
28.36,76.54,15.2,585.7,53.818,94.37
17.71,87.48,3.59,40.2,6.0,0.0
21.52,78.89,2.08,142.26,15.194,0.215
18.96,81.22,6.0,0.0,2.075,10.092
21.9,94.58,6.53,0.0,0.0,11.855
21.72,73.05,5.73,0.0,1.298,9.112
32.67,68.5,2.39,433.95,38.214,1.133
28.21,60.19,7.82,0.0,1.972,25.67
32.39,51.95,3.46,716.46,62.995,1.169
24.38,78.38,3.17,0.0,1.241,1.16
23.17,87.73,7.99,0.0,0.583,24.273
31.56,68.83,7.14,459.45,42.754,18.605
22.83,46.73,4.0,0.0,0.0,2.606
27.77,63.32,3.96,387.99,32.736,1.231
20.15,65.7,4.39,0.0,1.978,1.658
34.16,55.2,5.88,770.61,68.986,8.221
24.62,78.95,4.23,153.28,14.368,2.193
34.49,63.61,4.64,594.67,53.588,5.833
25.77,61.86,3.46,16.75,0.0,3.882
20.17,72.12,6.77,0.0,0.0,18.981
26.19,68.48,1.49,0.0,0.164,0.0
13.4,72.61,1.31,4.57,0.0,0.0
30.44,93.82,2.0,145.27,10.298,1.315
17.62,70.98,4.07,0.0,0.316,4.967
25.45,54.16,6.6,164.22,14.676,12.848
23.82,83.39,3.03,28.87,2.097,0.419
29.61,62.35,10.04,278.85,25.152,52.815
21.74,75.18,5.35,22.31,0.0,7.785
17.56,54.58,2.47,0.0,0.0,0.0
19.55,86.21,4.05,16.14,1.558,2.645
21.62,70.35,7.06,0.0,0.0,16.23
24.58,70.65,3.38,624.08,55.418,0.0
23.8,60.38,0.28,0.0,0.0,6.197
17.42,75.69,1.57,0.0,1.64,0.139
29.77,61.31,7.39,423.97,38.571,25.294
21.62,67.21,2.31,0.0,0.0,3.018
32.89,58.5,9.3,288.94,24.193,39.717
30.09,56.97,10.95,632.67,58.262,72.656
21.57,100.0,3.14,31.65,1.672,0.0
27.02,45.66,4.76,415.72,38.807,3.974
16.27,79.81,0.98,22.38,6.086,0.0
25.84,75.44,6.27,164.06,16.837,9.29
26.39,85.84,9.42,147.83,9.613,44.047
23.04,68.42,3.99,0.0,2.89,1.009
29.34,61.98,5.48,633.68,56.738,7.786
16.62,84.27,2.77,2.78,1.016,0.0
22.3,81.29,8.17,0.0,0.608,29.993
22.45,71.44,4.98,0.0,1.827,7.783
22.79,83.22,9.8,0.0,0.0,52.842
20.82,72.24,6.7,14.01,0.0,15.672
16.64,71.93,5.37,12.08,1.861,8.166
24.38,75.06,7.48,0.0,0.0,19.439
21.13,80.96,7.45,0.0,3.633,24.17
31.01,79.39,2.04,250.13,22.191,0.0
30.5,68.8,4.42,498.32,44.598,6.427
30.73,64.84,2.61,721.53,61.624,1.542
30.87,75.38,6.71,518.2,46.719,16.437
25.55,69.53,2.1,302.09,29.27,1.2
27.31,80.04,4.11,301.44,26.497,2.399
27.58,48.55,7.4,442.81,42.093,19.744
29.73,35.16,3.35,911.84,79.617,0.0
21.66,84.93,8.73,0.0,0.0,40.188
29.32,60.47,5.08,9.22,0.0,6.026
23.21,86.53,3.53,15.4,6.119,0.0
23.23,60.81,3.73,4.81,2.842,2.459
34.31,54.51,7.0,528.45,48.43,18.108
20.62,59.97,4.31,0.0,2.253,2.388
29.67,76.37,14.1,13.37,1.872,93.358
18.68,80.49,3.55,0.98,0.0,2.492
34.42,62.46,2.7,430.72,33.232,1.892
32.29,51.68,7.15,269.41,22.61,19.439
17.77,75.39,8.47,0.0,4.33,33.949
24.49,91.41,4.81,4.24,2.728,3.225
28.19,70.85,2.09,252.44,23.965,0.96
23.78,68.15,4.85,211.24,17.07,3.687
32.11,63.42,0.26,541.13,49.41,0.0
20.67,59.22,7.01,0.0,0.0,20.527
30.99,65.38,11.44,498.65,46.155,79.759
29.67,58.29,1.84,906.41,75.706,0.0
25.76,68.33,4.72,183.74,16.528,7.04
24.25,87.51,8.76,20.07,3.702,33.28
24.47,84.31,0.7,3.07,4.152,0.0
21.07,73.03,10.14,9.46,0.0,56.237
34.22,52.84,10.48,944.72,77.456,60.441
18.42,67.81,1.58,21.0,4.148,4.448
27.59,58.38,2.73,681.28,58.424,0.0
21.65,53.73,18.11,0.0,0.0,98.464
22.4,98.36,9.49,0.0,0.532,49.068
32.83,60.3,8.3,840.16,75.9,28.83
22.17,76.32,5.46,16.42,0.0,9.913
31.4,53.53,10.13,821.03,70.394,57.028
21.85,66.18,4.59,104.46,10.451,5.494
26.66,73.7,95.0,13.05,0.314,15.417
20.51,81.19,4.74,91.96,5.421,5.485
33.15,57.15,2.07,817.21,71.671,0.0
31.64,46.61,2.17,850.58,74.099,2.26
22.69,74.87,5.65,9.42,1.657,7.728
27.97,77.65,6.37,429.9,38.765,17.085
24.36,73.21,12.26,19.07,4.883,97.531
34.39,32.43,5.44,674.24,58.426,7.138
25.93,65.29,9.19,0.0,0.0,41.956
21.11,100.0,2.25,0.0,3.327,0.0
22.62,79.22,7.99,129.8,8.1,26.371
30.06,70.38,7.84,4.56,0.128,26.777
28.53,57.33,1.35,771.21,67.787,0.0
30.1,66.94,3.97,421.15,38.055,5.885
21.21,69.61,4.67,10.85,0.0,3.45
20.9,71.35,3.36,0.0,0.0,0.396
24.05,66.36,2.63,0.0,1.916,0.0
18.72,96.2,7.7,2.49,3.015,28.672
22.95,71.04,2.05,0.0,0.0,0.0
32.31,71.21,3.68,716.95,59.985,1.451
30.44,63.89,1.87,28.58,0.0,0.626
24.31,51.05,0.56,1.59,2.039,0.0
24.04,75.36,2.79,8.14,2.792,5.286
31.21,70.13,6.68,504.94,39.446,13.242
34.47,74.99,7.27,405.37,31.145,19.731
24.81,65.46,4.12,465.6,43.372,5.817
19.67,85.14,9.51,0.0,0.532,47.383
19.18,64.25,5.13,180.59,16.782,6.537
24.0,68.72,5.49,0.0,0.0,7.187
32.75,63.78,2.59,499.55,44.054,0.0
23.08,67.02,10.17,283.74,27.082,60.771
34.34,47.85,6.83,572.0,49.014,15.257
21.57,63.94,12.56,119.74,11.712,92.461
25.73,74.19,1.27,249.08,22.084,0.0
29.85,52.42,13.36,391.59,34.68,95.225
25.49,64.54,3.01,21.16,0.0,0.403
22.72,61.2,5.63,207.76,19.749,8.324
23.2,69.46,9.39,7.67,2.36,44.11
32.8,61.68,7.7,569.22,49.717,23.314
31.89,34.99,10.61,674.31,59.409,68.417
22.74,91.66,9.12,0.0,2.511,41.806
24.99,56.6,6.82,0.0,2.05,17.758
27.57,53.45,2.85,564.65,54.968,0.0
28.03,56.39,4.83,11.42,5.626,4.22
28.9,70.41,11.72,571.67,51.2,86.667
30.61,62.16,3.8,731.05,61.584,4.144
31.99,64.26,14.24,384.43,33.862,91.321
19.77,70.24,6.07,23.28,3.459,12.147
32.63,58.17,8.45,794.06,71.287,32.561
21.01,55.19,1.4,20.83,0.0,0.552
32.75,78.7,7.1,211.88,19.884,13.641
39.25,48.27,9.76,896.87,72.841,44.882
21.62,76.98,5.17,5.82,0.279,6.643
31.27,68.24,4.58,539.53,47.674,1.998
21.72,69.6,5.65,0.0,0.762,7.518
23.91,60.72,5.25,150.98,18.708,5.851
21.86,73.62,12.2,0.0,0.95,95.568
19.98,72.75,9.22,0.0,0.0,41.215
15.95,82.41,9.42,0.0,0.0,47.442
23.93,63.32,6.31,0.0,0.0,8.989
22.91,61.33,16.05,2.24,0.0,96.317
23.56,58.25,9.38,0.0,0.279,44.274
28.57,72.21,7.84,517.21,41.72,25.45
20.71,70.2,5.08,30.19,2.564,10.792
25.69,84.64,3.81,6.85,0.394,0.0
24.71,65.84,9.69,0.0,0.0,51.099
31.16,67.35,6.26,366.68,32.639,12.613
22.8,77.11,3.01,0.14,2.253,1.133
22.98,77.35,5.53,121.64,14.108,7.696
21.95,93.14,2.37,0.0,0.0,2.883
21.75,68.89,3.91,417.13,40.286,3.245
28.74,55.69,4.54,0.0,0.0,5.149
28.76,82.3,5.35,251.51,22.609,4.248
35.59,72.57,11.22,425.52,38.033,76.211
19.02,75.09,3.66,27.38,5.77,0.259
22.99,82.19,6.05,307.75,31.263,9.388
24.8,75.91,0.6,6.36,1.036,0.0
21.51,89.57,6.89,0.0,0.0,17.142
22.51,71.29,8.06,0.0,2.717,29.42
30.07,56.09,5.49,486.17,43.538,9.723
19.96,79.52,4.38,0.0,0.897,5.153
24.34,73.6,10.3,460.85,42.239,61.321
23.83,50.14,6.25,0.0,3.984,12.482
17.13,87.57,1.74,24.03,1.158,0.0
24.19,63.63,9.45,442.4,43.072,46.052
22.72,46.38,3.09,0.0,0.0,0.0
23.7,73.73,6.02,5.98,1.722,10.043
32.61,83.42,4.45,185.34,20.188,4.103
25.44,66.54,5.37,4.23,0.0,10.342
26.65,61.87,5.93,19.16,1.735,9.961
23.47,89.3,8.09,0.0,0.0,27.121
24.22,72.1,7.86,76.62,8.311,28.086
31.17,83.4,3.21,122.85,12.774,0.0
16.63,69.15,4.81,19.19,0.992,6.998
31.0,56.52,8.06,887.24,75.085,24.822
19.3,86.21,5.15,0.0,0.408,7.652
27.56,84.59,7.54,196.54,15.765,21.691
25.35,77.85,2.98,412.98,38.673,0.642
23.79,69.11,11.87,0.0,0.0,98.047
24.89,69.49,5.73,0.0,1.467,7.459
33.34,50.61,2.43,625.87,52.689,0.0
25.57,54.04,3.73,0.0,0.0,1.561
36.32,47.26,8.93,861.29,71.399,40.508
26.29,80.73,3.58,206.26,18.761,1.434
24.55,79.89,5.07,0.0,2.753,5.953
23.92,84.7,6.18,262.43,26.309,12.253
28.9,54.67,2.59,781.99,67.863,0.0
35.61,63.05,2.29,632.92,53.81,0.358
24.47,72.49,7.58,354.45,34.898,22.479
24.58,74.5,6.08,4.14,0.0,13.912
31.74,64.92,10.27,502.48,44.994,60.277
23.68,84.63,5.91,1.47,0.0,7.565
17.31,69.83,7.63,0.0,0.0,23.714
22.78,82.67,3.11,16.05,3.18,1.234
29.85,64.3,3.19,515.57,45.108,0.0
27.57,65.56,6.88,474.37,45.294,14.702
22.3,62.68,7.29,0.0,4.399,19.697
26.86,52.49,2.69,3.84,1.585,0.689
22.79,88.2,7.25,0.0,0.0,22.315
27.68,71.41,6.24,414.18,40.251,12.601
18.93,85.37,5.85,6.62,0.0,14.995
22.05,78.26,11.66,189.21,21.184,88.147
27.35,61.84,7.48,212.06,18.604,23.513
17.03,74.58,4.61,0.28,4.365,1.941
22.33,68.58,1.78,0.0,0.0,3.222
28.36,87.45,4.9,5.27,1.824,7.82
33.31,54.74,9.91,802.58,65.919,53.696
34.37,42.02,2.76,880.68,74.912,0.0
20.35,68.95,5.54,135.78,11.135,9.634
19.67,64.22,3.32,0.0,0.0,0.0
22.59,89.66,10.02,0.0,2.411,57.031
20.53,64.5,4.97,0.03,0.0,2.621
26.6,67.89,4.05,5.45,0.0,2.77
32.29,57.33,3.02,821.9,68.991,0.0
33.3,76.9,1.59,84.0,10.079,0.0
20.15,70.5,2.87,0.0,2.035,1.185
27.96,69.38,4.36,248.08,25.758,3.056
21.18,63.88,8.43,0.0,0.0,32.503
32.39,82.49,0.47,332.72,32.607,1.474
23.54,82.58,9.75,11.45,0.0,55.206
18.74,67.72,2.4,0.0,0.0,0.551
21.86,67.83,6.68,2.78,0.0,11.937
32.68,38.93,4.5,489.41,43.239,0.42
24.22,84.82,9.26,0.0,0.0,43.78
16.08,89.65,4.72,0.0,0.0,6.64
21.44,81.68,3.64,0.0,0.463,1.492
30.49,64.31,3.4,154.18,9.288,1.707
23.13,55.49,5.56,0.0,0.456,8.158
32.03,56.36,1.65,743.81,62.613,1.924
27.09,48.88,12.64,8.05,0.0,97.207
18.74,71.16,8.89,0.0,0.0,37.134
29.97,56.63,5.08,917.6,80.658,6.727
21.75,59.62,5.39,0.0,1.009,4.351
35.15,55.86,2.9,754.08,64.359,0.896
26.77,65.98,7.49,124.28,10.472,21.638
31.82,82.18,4.23,350.1,33.051,3.031
25.63,73.85,4.81,234.03,25.662,5.426
31.39,54.89,6.65,430.02,39.155,15.446
20.77,69.27,6.94,0.0,0.0,20.508
25.04,69.35,6.71,0.0,0.0,15.72
28.5,84.85,2.52,185.35,18.341,0.378
27.12,68.01,6.07,5.51,0.0,13.751
22.66,65.65,4.29,1.18,0.0,6.767
22.88,56.07,9.6,0.0,0.0,49.023
32.67,84.47,2.06,312.98,28.308,0.0
33.35,58.56,7.19,285.39,23.146,18.088
20.01,86.93,11.35,7.21,0.638,83.747
17.13,81.1,2.64,1.47,0.323,0.0
32.91,73.12,8.93,313.79,27.531,34.386
24.96,55.07,11.15,614.47,54.154,79.417
20.8,,14.87,224.19,23.604,99.659
31.1,52.89,5.64,749.1,62.999,10.756
22.36,80.65,5.6,0.73,0.417,11.186
27.99,64.06,6.36,764.75,68.68,13.336
20.77,76.5,8.57,19.45,2.234,35.233
30.59,73.83,8.71,426.41,40.899,37.422
29.29,55.16,8.05,693.01,59.323,25.296
28.61,69.7,5.34,17.85,0.131,6.315
23.6,82.76,4.64,4.63,0.0,4.049
24.4,73.3,2.44,0.0,6.581,1.844
22.29,83.48,3.56,190.59,19.19,0.0
18.32,71.69,7.23,0.0,1.39,18.967
25.82,67.67,6.29,198.24,20.167,11.698
29.52,75.18,4.13,148.3,14.053,3.365
19.4,71.82,5.92,0.0,2.099,10.303
22.41,63.34,8.18,5.24,0.0,26.874
19.87,57.79,5.11,0.0,0.554,3.665
29.87,46.17,4.52,839.49,74.349,3.921
22.97,67.81,11.86,0.0,2.037,94.256
18.86,93.63,3.31,0.0,0.0,0.596
18.69,73.38,2.98,0.0,0.0,0.0
19.02,54.78,5.18,0.0,0.0,8.087
15.37,76.38,3.82,15.32,2.587,2.435
21.63,85.6,4.72,0.0,1.073,5.179
28.46,72.43,8.32,335.85,29.044,31.546
28.07,52.42,12.1,271.5,29.503,98.855
18.52,67.3,1.82,0.25,0.598,0.0
25.36,69.93,3.05,0.0,0.248,0.0
23.43,81.39,8.28,2.0,0.0,30.254
29.27,61.75,9.77,553.58,51.712,53.212
23.52,52.98,6.27,18.06,2.573,11.758
20.67,82.65,1.46,28.15,6.536,0.0
21.76,76.83,7.55,21.75,0.0,22.91
27.28,71.38,6.29,0.0,0.0,12.746
26.54,60.18,5.99,0.0,0.0,13.035
29.17,71.79,10.19,564.71,51.494,57.031
22.61,83.38,6.0,6.95,0.0,9.464
20.22,65.5,4.78,0.0,2.542,2.924
29.79,61.01,16.12,314.1,28.339,94.43
21.17,82.85,5.08,148.88,16.505,11.112
24.59,75.32,1.04,0.0,0.0,0.765
36.82,83.72,4.18,213.46,21.464,3.709
18.71,82.66,12.44,0.0,2.738,98.728
31.5,67.31,7.29,5.86,0.0,20.287
25.35,59.32,6.88,0.0,0.979,18.555
26.88,78.87,4.43,547.23,49.676,4.494
27.16,53.71,4.73,583.86,54.234,5.163
37.6,54.53,3.55,543.31,50.061,0.995
30.8,69.98,8.47,332.31,32.334,31.624
18.82,77.49,10.78,5.97,1.622,72.048
22.17,77.72,4.13,0.0,1.326,2.653
23.58,59.87,6.82,0.0,0.0,20.831
26.16,53.84,7.73,273.7,25.971,26.723
22.86,75.13,5.7,8.87,0.0,7.695
33.57,66.73,7.06,493.44,43.738,15.585
23.23,82.1,3.64,200.58,21.287,0.423
22.47,94.63,3.63,0.76,0.059,0.0
29.29,61.05,3.52,599.55,48.682,0.023
28.4,66.2,4.58,451.02,39.073,1.934
24.94,81.04,4.21,0.0,1.162,2.038
16.41,69.1,1.51,0.0,0.0,0.0
23.69,48.55,8.19,627.33,59.507,30.102
32.6,62.95,9.75,807.18,66.738,49.514
21.03,77.68,1.79,8.58,1.608,0.0
25.98,62.65,11.79,669.19,61.036,93.593
16.53,67.8,10.02,0.0,1.58,58.056
36.74,66.94,5.33,734.61,60.857,5.698
22.65,82.49,3.5,0.0,1.56,0.0
23.08,77.86,3.2,88.03,11.525,0.0
38.84,54.74,8.36,894.74,69.485,27.131
31.83,65.71,2.76,503.64,45.103,2.095
35.07,61.82,5.03,426.92,34.496,7.375
22.13,58.42,6.52,218.15,19.456,13.207
25.88,68.15,8.32,495.31,43.811,33.814
31.86,63.74,4.2,470.94,42.188,3.852
31.62,48.45,2.02,658.46,59.256,0.407
24.42,83.16,7.97,4.75,2.269,28.959
23.43,72.38,3.53,436.51,41.088,2.201
32.3,74.56,9.09,497.71,45.439,40.44
35.1,58.12,4.95,874.96,71.534,4.698
29.05,64.54,12.92,245.15,25.051,95.138
31.27,59.51,3.33,919.37,71.656,0.0
21.94,83.24,6.07,11.59,4.184,9.66
27.14,55.11,10.34,343.83,34.969,64.432
19.89,89.47,3.11,0.0,1.5,0.0
28.77,48.18,3.15,818.95,76.596,0.0
19.62,64.09,2.33,1.88,0.0,1.808
20.09,71.08,6.38,0.0,1.559,13.971
24.33,91.74,6.75,249.4,23.527,16.554
23.59,63.82,9.12,209.25,20.615,41.405
16.52,74.06,7.15,0.0,0.0,21.633
33.74,53.55,5.54,425.11,39.225,10.969
28.18,57.22,7.54,620.23,56.535,21.582
21.39,86.86,5.62,0.0,0.0,9.905
25.48,64.69,10.99,602.19,54.514,75.913
26.58,61.89,3.74,0.0,0.0,0.273
22.29,76.38,2.56,0.0,0.0,3.019
18.74,79.65,4.91,29.37,4.826,7.519
22.22,71.37,6.24,0.0,1.962,9.902
32.27,69.71,4.69,415.95,38.935,7.414
20.17,55.21,2.21,542.39,53.048,0.0
21.06,68.44,12.15,0.32,1.979,96.566
21.96,73.61,6.88,0.0,0.0,18.525
23.74,67.33,3.58,166.2,16.693,3.171
35.19,65.99,3.37,429.84,40.377,0.822
21.37,75.16,6.1,4.33,0.0,10.221
26.76,82.92,3.15,133.34,9.809,0.0
31.63,75.09,5.39,278.64,22.577,6.465
23.12,76.37,6.65,13.76,0.0,16.969
18.63,67.39,3.08,0.0,0.0,0.0
27.2,62.06,3.42,688.0,60.359,0.0
33.54,63.31,7.64,667.07,61.01,20.146
26.95,72.83,3.24,21.51,1.198,0.0
23.37,50.07,8.82,7.08,0.0,37.48
33.63,61.07,8.89,635.13,55.86,35.083
36.89,53.45,8.57,548.94,47.766,29.406
25.82,69.78,6.4,0.0,0.0,15.265
19.15,83.25,4.01,0.5,0.0,0.182
20.26,82.31,6.05,0.0,2.134,8.598
25.78,78.08,6.83,0.0,0.0,19.684
30.23,61.34,5.45,668.98,55.771,9.206
26.25,78.35,14.21,7.78,1.683,98.292
21.12,77.55,1.53,0.0,0.0,1.01
23.26,66.74,10.71,0.0,3.104,71.251
21.16,63.95,7.67,4.06,0.096,26.185
21.67,90.26,9.7,5.15,0.3,50.264
33.09,55.37,8.89,911.72,78.859,35.188
17.01,80.15,0.78,23.87,0.0,0.0
20.49,76.88,6.27,12.2,1.879,12.368
23.64,79.65,7.26,296.39,27.104,18.073
18.85,77.4,4.95,0.0,2.054,3.856
18.43,80.56,3.27,0.0,0.0,0.157
25.02,76.64,9.46,0.0,0.354,49.32
30.89,69.58,5.93,455.3,40.258,7.112
27.83,91.09,7.54,294.17,27.725,22.66
25.86,74.12,5.87,374.8,34.19,7.433
19.98,78.02,11.17,10.17,1.529,77.931
23.02,64.0,7.35,281.76,30.426,23.061
25.13,54.9,1.72,223.01,20.862,0.0
23.09,71.62,5.59,6.04,1.398,7.896
32.15,49.14,2.58,337.22,35.736,0.282
25.02,69.03,7.09,133.94,13.651,20.122
25.03,82.88,10.08,0.0,0.0,55.518
31.47,63.45,2.03,593.42,51.242,2.522
29.75,63.86,0.06,517.94,44.275,0.0
25.44,54.38,2.76,0.0,1.844,0.969
28.69,68.04,2.23,219.48,20.386,0.0
19.12,84.79,4.8,10.14,3.126,6.338
25.86,78.48,4.07,151.52,15.591,6.354
19.69,63.8,3.99,0.0,1.214,1.559
25.33,54.76,1.95,720.41,62.495,0.0
31.31,58.74,6.5,654.74,58.807,12.898
19.0,66.77,5.86,2.73,3.007,8.911
21.61,82.61,10.29,0.0,0.0,59.636
16.77,81.88,2.1,0.0,0.0,0.0
17.97,85.41,2.19,7.8,1.481,0.0
23.66,71.18,7.59,169.29,16.456,21.927
25.4,67.04,5.21,0.0,2.873,0.171
19.24,69.97,8.35,0.0,1.457,34.946
19.84,69.67,5.83,0.0,0.812,13.178
21.24,89.56,4.88,3.79,2.005,6.425
20.98,78.96,0.67,23.98,3.882,0.0
26.34,61.25,4.98,0.0,0.082,2.929
20.86,58.04,7.15,13.15,0.606,16.341
23.43,81.16,6.27,49.89,6.806,13.825
37.83,69.17,6.23,536.94,44.886,14.215
29.23,72.59,4.4,397.05,36.029,3.589
21.42,100.0,7.05,36.55,1.2,20.305
23.7,56.07,1.04,478.28,46.212,0.89
18.25,100.0,7.77,19.36,4.353,24.138
29.42,64.72,3.81,273.34,23.57,3.595
31.01,57.73,5.44,834.65,71.752,9.357
31.79,59.54,3.41,421.5,37.306,0.0
33.04,60.14,14.72,756.6,67.438,95.721
18.76,75.89,7.09,11.81,4.008,18.8
25.39,70.58,6.04,0.0,0.0,10.478
16.82,89.38,8.65,0.0,0.0,36.968
26.12,52.16,2.35,499.79,48.609,0.719
27.45,49.45,4.77,323.82,30.663,6.369
32.34,74.94,5.07,341.52,30.96,4.039
28.34,54.35,7.01,795.92,72.04,18.966
21.27,75.97,5.88,0.0,0.0,7.81
20.7,80.26,4.82,0.0,0.0,4.553
27.94,62.94,6.26,264.19,24.096,12.086
26.94,57.31,2.51,0.0,0.978,1.94
18.89,87.35,5.42,0.0,1.758,7.663
28.57,71.87,6.43,217.79,23.632,12.873
27.68,78.45,8.33,6.82,1.46,33.832
25.54,95.04,5.34,0.0,0.0,6.244
28.3,76.54,11.3,240.13,24.104,78.699
30.85,68.45,6.85,512.04,43.851,12.623
20.37,70.58,11.2,0.0,2.839,79.05
15.95,79.26,6.75,26.91,3.116,14.534
20.54,83.36,1.69,21.91,1.69,0.0
26.2,69.0,5.39,241.09,20.819,7.816
22.63,81.43,7.78,78.21,8.817,23.264
23.18,68.63,13.26,3.42,0.0,95.594
26.32,73.9,4.93,579.65,51.985,2.049
21.9,67.16,9.9,20.46,0.0,53.168
32.47,76.28,11.34,304.3,26.715,77.384
33.59,57.77,3.37,611.75,52.669,4.917
24.41,62.97,7.49,0.0,0.837,25.42
31.17,73.17,7.89,573.28,50.054,28.553
28.39,65.38,1.88,404.02,31.828,0.0
17.07,57.87,5.8,0.0,0.0,9.482
25.27,52.32,1.94,4.08,0.0,0.0
15.52,73.93,3.43,16.39,0.0,4.46
31.1,61.88,2.7,817.85,72.516,1.662
20.81,73.74,7.1,0.0,0.0,16.935
25.36,61.18,1.03,309.63,29.854,0.739
29.39,72.39,5.84,8.75,0.0,6.659
34.92,81.14,6.06,384.45,32.588,10.499
27.02,59.93,6.02,15.92,0.0,10.421
20.53,68.79,7.63,0.0,0.639,25.577
28.79,,6.04,76.83,8.09,12.83
23.65,90.99,3.89,0.0,0.0,1.857
27.08,60.1,0.52,462.78,44.928,0.0
20.75,75.6,6.08,7.9,0.0,4.946
23.11,79.5,2.05,2.05,0.977,3.124
21.95,68.21,6.83,4.18,0.0,15.427
21.22,77.97,3.46,0.0,0.0,1.039
26.61,75.22,0.22,222.29,18.329,4.518
28.56,56.49,15.32,842.1,72.46,93.117
19.46,83.31,2.9,9.88,0.571,0.043
19.31,70.96,4.71,0.0,0.0,5.497
23.06,90.43,5.52,0.0,0.629,10.261
18.86,67.36,6.33,0.0,0.891,13.162
22.77,71.98,9.48,0.0,5.412,49.567
19.19,54.27,3.41,30.74,4.955,0.0
25.64,75.01,8.62,300.72,30.454,35.843
18.23,72.35,3.0,0.0,0.0,0.828
23.11,68.71,6.45,0.0,0.0,13.608
24.47,60.42,2.48,3.97,0.0,0.647
21.98,75.89,0.36,0.0,3.574,0.0
18.04,62.07,4.03,6.03,5.557,1.628
23.43,86.17,1.91,160.73,13.903,0.0
28.02,54.47,6.2,491.27,43.936,10.978
24.49,61.96,4.94,0.0,1.088,7.585
20.92,74.52,14.23,0.0,0.0,98.828
22.8,60.92,4.98,0.0,0.0,6.134
26.67,77.92,4.58,278.37,27.18,0.715
25.73,81.05,8.81,4.66,5.88,37.838
25.36,62.18,3.58,540.9,52.214,0.947
20.69,74.16,2.41,29.1,6.607,1.075
22.32,71.69,5.23,11.88,0.0,9.427
19.41,73.67,6.32,0.0,2.15,12.241
29.13,61.26,3.5,677.89,58.215,0.255
20.82,54.95,7.86,274.4,30.026,28.282
27.21,67.84,12.99,327.07,33.155,94.728
24.97,62.98,11.4,452.31,43.202,82.868
35.53,73.62,4.32,591.49,49.562,0.0
39.37,71.44,1.56,920.9,73.725,0.0
29.17,63.35,7.79,461.81,41.244,27.592
24.69,55.15,9.15,494.46,47.534,42.683
22.34,88.37,0.66,5.25,1.317,1.799
19.4,85.34,2.93,0.0,2.84,1.913
29.6,67.01,7.87,774.05,70.526,28.455
18.78,72.57,7.59,24.27,0.725,23.146
27.01,70.74,5.94,330.96,31.691,12.205
22.49,81.59,1.57,143.9,14.737,4.495
17.06,86.08,4.31,0.0,0.0,3.046
20.84,71.35,4.9,40.32,5.861,2.579
32.29,63.8,2.46,443.4,40.896,0.0
23.75,65.61,6.13,10.61,0.0,12.554
32.59,62.36,4.72,865.33,73.296,1.02
21.37,67.19,7.08,253.03,23.662,17.321
23.89,89.12,0.95,12.29,0.0,0.0
25.52,68.7,6.71,426.56,39.286,15.828
26.93,56.85,11.76,0.0,0.0,93.769
20.67,91.12,0.77,0.0,0.948,1.376
21.87,69.31,9.13,0.68,2.875,39.861
17.94,73.24,12.52,0.0,0.101,106.726
29.79,77.17,13.31,20.9,3.876,95.084
26.38,60.1,2.99,10.54,1.341,0.0
27.66,67.92,4.69,196.78,16.536,2.212
25.56,63.24,8.81,9.09,4.903,35.198
23.3,77.47,6.62,0.0,0.0,12.329
26.04,80.76,7.52,0.0,0.021,23.552
19.58,89.5,3.05,4.32,0.0,0.0
24.01,66.28,6.24,16.73,4.804,14.266
19.14,86.29,6.39,3.0,0.727,15.22
19.84,84.69,3.97,21.87,7.258,1.151
29.65,61.35,4.39,483.77,43.978,5.067
22.1,79.69,4.36,249.06,22.152,1.037
28.16,76.61,4.46,281.19,22.609,1.787
26.59,57.1,3.74,336.6,33.861,2.525
23.56,74.81,2.99,385.6,34.297,0.0
31.04,47.5,7.94,913.77,77.833,25.135
20.25,63.53,4.45,0.0,2.456,3.29
23.61,81.36,10.99,4.74,2.567,76.808
32.66,56.98,5.18,786.06,66.63,8.779
24.84,93.09,13.87,0.0,0.0,97.549
33.03,59.41,4.13,737.1,60.302,1.681
21.36,72.32,3.62,0.0,0.0,2.207
20.36,85.75,8.3,12.18,2.721,29.775
21.97,74.34,9.65,0.0,1.748,52.445
23.8,63.3,4.7,0.0,0.714,6.295
29.07,63.72,3.9,529.25,48.152,5.678
18.52,81.33,2.5,5.99,0.0,0.0
26.7,71.61,7.6,344.4,34.889,21.42
24.94,76.82,7.58,135.43,9.366,24.351
17.8,74.94,3.6,32.7,2.32,0.597
22.44,72.99,10.13,16.72,1.963,59.968
19.99,91.78,6.22,135.25,13.014,14.973
24.11,66.51,5.38,7.05,0.688,10.74
28.48,70.68,5.63,341.56,30.45,8.602
27.41,91.11,2.7,67.44,7.435,1.761
27.55,67.75,9.26,585.38,50.203,42.144
36.0,66.67,4.24,945.28,77.657,3.122
25.77,74.01,6.52,8.18,1.656,14.093
28.76,69.96,4.78,461.21,41.182,4.398
28.61,53.12,11.97,607.45,54.869,98.505
27.41,67.82,1.37,539.1,49.224,0.0
18.52,74.49,4.37,31.68,0.0,3.253
21.94,70.8,6.9,159.96,12.159,17.442
20.23,54.1,5.09,0.0,0.268,7.355
34.09,61.92,6.08,358.22,31.185,8.698
20.38,67.94,1.98,221.4,20.375,0.0
23.89,51.66,8.78,9.31,2.063,35.859
23.56,67.18,2.44,0.0,0.0,0.0
23.13,52.7,6.32,39.78,0.0,15.209
22.79,82.6,5.62,0.0,3.314,5.695
24.74,82.35,4.05,0.0,2.42,0.0
31.18,52.06,4.05,917.39,81.0,4.097
29.78,86.44,6.65,335.27,28.124,14.299
27.66,75.12,4.34,469.27,42.401,2.472
27.6,65.76,11.39,0.0,0.0,81.212
31.71,73.41,4.47,208.84,19.151,5.609
26.78,63.71,7.46,522.09,46.95,20.865
19.81,75.74,0.95,243.81,21.327,1.19
24.0,69.54,3.17,0.0,1.007,0.0
25.57,74.65,11.91,0.0,0.0,94.826
32.23,73.39,4.01,293.8,30.206,3.878
26.01,59.43,4.78,0.0,0.172,7.464
26.99,76.24,9.83,0.0,0.0,48.934
33.72,73.21,10.14,258.04,19.84,55.496
33.54,68.07,0.37,444.85,43.87,3.197
24.97,62.65,4.86,0.0,0.0,6.848
27.06,54.73,2.35,707.69,63.9,0.0
28.79,87.24,4.07,384.05,34.71,2.281
31.65,50.64,4.08,682.49,63.158,2.855
23.05,67.56,7.37,2.68,0.0,20.635
23.27,60.23,3.41,22.02,4.834,1.816
25.78,60.52,1.17,0.0,2.521,0.981
25.52,73.47,2.23,348.0,32.395,0.0
28.45,54.71,9.14,251.15,24.556,40.413
33.18,55.77,3.96,879.92,74.123,1.024
21.22,81.18,4.54,133.53,9.531,3.318
18.49,76.15,8.05,7.13,1.87,29.219
16.15,79.78,4.0,10.37,1.531,2.521
24.74,57.51,4.12,0.53,0.587,1.009
20.9,83.82,2.2,0.0,0.965,2.681
17.78,81.88,6.72,30.95,1.858,16.087
15.97,59.04,10.71,18.01,4.82,73.338
24.51,71.52,5.32,12.5,1.236,9.891
20.76,86.05,9.93,1.97,1.276,52.741
20.49,80.43,3.34,0.0,0.0,0.0
25.41,73.6,6.17,498.43,47.623,10.936
29.87,65.09,7.6,671.82,59.452,23.67
21.79,86.75,6.14,0.0,0.0,13.172
29.16,70.35,6.32,595.34,55.386,12.94
16.98,74.52,6.59,0.0,0.0,14.009
30.48,49.68,4.38,613.29,54.48,6.489
33.76,59.45,3.88,601.65,51.651,0.86
33.1,60.35,7.19,998.81,84.043,20.543
21.66,70.64,2.34,0.0,0.632,0.0
22.59,66.42,5.4,0.0,0.0,7.35
27.21,67.89,1.47,523.12,46.054,1.348
20.19,68.46,5.08,0.0,0.0,9.081
25.24,50.93,3.99,600.03,55.785,2.695
25.4,76.17,5.71,0.0,0.0,8.06
25.33,56.99,4.27,4.34,2.642,5.834
23.11,80.74,7.6,12.17,2.409,24.507
20.93,93.84,4.02,0.0,0.038,2.518
29.29,53.34,6.76,499.61,40.924,17.881
25.02,77.11,9.41,368.48,33.734,46.393
29.53,62.12,4.0,655.22,59.395,6.98
21.06,56.11,8.23,0.0,0.0,30.54
28.8,76.49,11.43,16.38,2.17,84.571
26.07,79.28,1.41,1.59,0.0,0.884
22.66,64.95,4.31,2.0,0.663,3.916
25.52,75.58,10.96,0.0,2.802,72.324
26.43,57.18,12.65,0.0,1.573,95.471
18.39,71.52,5.51,91.09,6.426,9.153
19.41,77.82,1.61,0.0,0.0,0.0
32.17,43.51,3.1,899.37,78.32,0.0
24.46,63.65,9.9,7.49,3.072,53.698
22.5,79.11,12.04,0.0,0.0,99.945
22.96,64.38,1.27,0.0,0.0,0.161
20.65,78.56,2.35,28.44,7.541,0.129
33.89,72.83,7.74,598.3,51.467,21.982
20.3,59.19,1.21,174.4,22.188,3.391
21.63,60.16,9.58,2.02,0.0,51.196
17.35,73.09,5.22,0.0,0.0,9.15
16.94,79.73,2.84,2.02,0.0,0.0
29.05,80.03,9.74,255.97,21.056,51.006
33.4,65.66,8.71,909.76,73.005,33.145
29.13,55.11,3.38,517.45,46.658,2.188
25.54,68.57,5.15,0.0,0.29,6.877
25.31,75.63,5.47,0.0,0.0,8.788
21.4,70.71,5.43,0.0,0.0,6.244
25.69,72.37,6.63,168.44,18.923,12.876
26.87,52.74,6.84,463.47,44.923,15.259
30.85,61.55,6.17,525.4,46.654,12.181
16.48,85.96,11.48,0.0,0.86,86.345
35.02,65.11,4.51,620.79,50.589,4.07
35.6,53.32,3.9,857.78,73.068,0.0
17.49,87.17,2.01,0.69,0.0,0.0
27.52,64.7,3.45,411.85,37.22,3.579
27.07,62.2,4.33,273.67,25.841,3.727
27.67,68.31,11.95,364.44,33.423,95.425
22.86,81.04,7.42,29.18,0.209,22.603
22.38,70.28,0.98,8.41,4.188,0.0
26.14,86.89,6.53,21.38,3.945,17.498
27.28,74.67,2.83,291.97,26.358,0.714
35.59,79.0,10.81,309.04,24.039,68.229
33.52,67.45,5.61,805.82,63.594,9.654
27.24,48.29,5.95,796.83,74.887,12.222
27.14,77.85,1.68,7.96,0.418,0.0
26.27,88.58,4.33,0.0,1.526,3.178
25.01,67.65,5.76,0.0,0.0,13.792
22.64,84.72,1.68,17.06,1.043,3.311
22.91,74.8,8.05,330.44,30.606,28.113
25.07,48.82,8.95,644.98,59.55,40.597
23.83,55.11,5.82,0.0,0.18,9.034
28.0,52.78,1.8,0.0,0.0,0.707
29.81,74.5,0.79,363.65,31.272,0.0
27.17,69.29,6.1,0.0,0.0,10.328
27.36,64.51,5.56,12.26,0.0,6.966
22.63,66.47,8.37,8.19,0.0,35.401
29.22,48.53,5.75,218.55,20.462,8.193
34.48,62.83,6.2,670.7,58.844,13.94
30.45,44.15,8.08,664.62,62.522,27.083
27.52,60.85,1.52,440.58,39.642,0.0
23.58,54.73,8.31,4.78,0.547,32.006
23.18,52.89,3.85,611.7,52.801,0.0
25.26,70.97,3.69,189.92,18.75,2.637
24.48,80.38,7.52,14.58,0.0,22.36
30.28,43.66,3.39,632.47,56.327,0.0
27.21,53.93,2.39,236.8,23.496,0.0
32.73,36.89,8.68,949.87,82.259,38.679
16.61,63.91,8.7,36.23,0.75,36.862
26.11,78.55,3.58,0.0,1.604,0.908
22.37,69.42,5.38,0.0,0.0,9.109
27.69,53.07,4.42,399.82,39.774,1.653
31.58,75.23,5.02,302.99,30.524,7.791
26.92,52.32,6.06,0.0,3.212,10.947
32.51,42.28,6.17,863.58,71.83,8.757
25.53,65.42,8.43,6.96,1.485,31.423
22.64,63.83,2.23,242.13,20.131,0.0
21.63,72.48,7.26,0.27,2.63,20.568
35.52,43.59,9.62,833.65,74.2,45.725
18.76,79.26,5.85,0.0,1.956,8.218
25.4,59.45,3.54,434.25,39.604,1.566
25.82,78.03,7.74,218.31,21.631,24.797
30.3,77.37,7.42,427.81,37.387,23.685
23.92,80.76,2.37,0.0,0.028,2.33
18.49,80.39,7.73,94.85,9.129,25.351
21.39,83.74,8.13,268.87,21.487,30.352
25.33,60.81,7.14,0.0,0.0,16.315
26.61,70.34,5.89,622.44,60.347,11.399
27.08,53.8,7.58,512.11,46.939,23.887
16.56,49.34,9.46,32.33,3.625,49.897
24.94,84.2,6.2,0.0,0.0,11.378
23.54,63.78,12.37,0.0,0.0,96.527
29.37,65.87,4.23,453.64,41.302,2.137
28.22,63.76,9.18,300.74,27.243,44.795
25.42,76.1,8.62,760.54,62.428,35.408
21.22,85.42,8.26,171.81,18.038,27.906
21.3,80.75,6.34,6.82,3.894,14.386
18.61,80.33,6.73,12.69,0.0,15.171
20.63,83.83,1.41,8.84,0.041,2.169
24.7,59.79,5.8,13.41,4.319,10.626
32.17,76.82,4.4,461.08,39.447,5.696
18.88,60.97,6.14,19.97,2.782,13.948
28.87,82.13,1.01,430.34,47.446,1.875
23.87,70.5,1.95,18.26,3.05,2.269
19.62,67.26,6.46,0.0,0.138,15.635
28.44,64.96,6.39,427.93,40.971,11.763
21.97,82.95,6.51,10.66,2.594,12.003
20.92,76.36,3.43,28.8,1.508,0.0
23.84,77.53,8.85,0.0,0.0,39.446
21.39,74.22,3.73,8.37,2.013,0.0
21.41,76.67,10.22,0.0,1.488,59.794
17.33,91.87,5.44,7.69,0.164,7.261
21.43,81.35,4.29,0.0,3.29,5.448
23.75,,7.28,7.19,3.588,20.204
26.43,67.9,5.4,559.72,52.282,6.635
27.0,81.27,6.46,218.31,19.831,16.352
36.14,53.66,13.84,878.53,69.679,92.981
29.45,46.52,9.31,707.88,62.835,43.13
21.04,59.18,1.38,29.25,0.0,0.0
19.33,70.06,1.67,0.0,0.0,0.571
18.56,54.92,7.49,5.13,1.814,22.216
28.93,49.18,11.8,1.5,2.492,89.9
19.99,84.84,5.0,2.97,0.0,8.55
22.16,52.5,2.68,214.78,20.444,0.098
27.63,68.31,7.89,661.56,58.81,25.25
21.97,94.84,2.65,95.42,8.545,0.0
20.31,75.8,3.01,95.77,6.614,0.416
34.75,67.57,2.56,551.95,50.96,0.0
28.63,49.13,4.78,884.57,74.513,3.897
21.3,66.6,1.9,227.73,18.111,0.0
21.78,74.66,7.16,0.0,0.0,19.911
27.33,68.86,2.1,319.89,30.723,0.0
20.32,87.78,7.39,0.0,0.0,22.56
31.67,66.84,9.02,475.32,41.077,38.167
23.69,51.46,7.44,17.71,2.815,23.367
28.43,74.07,8.04,478.77,43.922,28.606
16.59,69.58,2.01,8.76,0.0,0.208
20.03,77.29,4.59,161.72,16.732,5.723
20.95,70.59,6.73,13.27,3.676,19.131
18.36,75.86,1.93,20.87,1.829,2.537
24.18,84.23,1.58,5.92,0.103,0.0
14.77,89.83,1.86,6.34,4.421,0.0
21.65,64.69,7.16,0.0,0.0,18.599
29.27,73.33,6.69,455.34,40.81,16.561
30.75,,9.83,742.63,65.607,50.317
29.1,68.69,8.68,385.24,35.38,34.03
28.18,69.77,1.52,428.91,38.637,0.0
29.38,55.08,6.87,725.57,64.364,17.211
24.46,82.17,4.76,0.0,3.138,5.887
21.83,75.5,6.5,81.55,9.562,11.81
24.84,66.21,95.0,9.72,0.802,5.764
28.07,70.32,3.9,535.87,46.556,0.0
20.97,74.08,4.04,15.06,0.024,0.0
27.71,68.05,7.43,415.96,40.092,22.511
22.32,68.73,10.16,0.0,0.0,59.291
20.83,66.09,4.33,0.0,4.806,3.473
29.68,58.03,6.43,467.7,42.582,16.508
36.74,61.32,1.57,864.85,69.438,0.0
33.31,71.08,7.97,627.39,54.905,22.348
26.46,64.65,2.51,29.32,1.246,0.0
25.22,55.64,4.47,571.11,51.644,0.0
27.74,40.99,6.11,784.79,67.15,10.118
23.8,71.68,7.43,0.0,0.0,23.037
25.51,71.55,7.23,110.34,6.345,20.541
20.24,64.81,8.27,0.0,0.0,33.177
29.61,52.16,6.42,875.13,74.309,14.053
25.03,77.04,5.52,0.0,0.0,7.189
31.11,60.93,8.83,312.83,27.324,35.822
30.02,63.89,10.41,227.08,21.288,62.325
23.88,78.27,9.29,191.23,19.971,41.111
24.84,72.49,3.98,190.9,18.901,0.0
26.83,76.15,1.98,160.32,17.753,0.78
19.36,85.24,5.44,0.0,0.0,8.249
26.17,83.44,7.19,261.15,24.949,22.659
20.01,61.17,8.13,0.0,0.728,30.837
25.38,76.38,2.1,252.88,26.074,0.618
23.46,84.92,0.9,15.03,0.0,0.0
22.73,67.31,3.73,300.66,30.192,0.0
31.0,81.77,4.58,308.68,26.301,3.286
28.13,47.61,4.11,612.3,54.483,4.307
26.27,58.34,3.06,365.21,33.509,1.02
21.0,62.37,0.84,0.0,0.906,1.868
20.39,72.56,7.16,0.0,0.0,19.844
28.62,70.76,10.08,349.22,30.247,54.1
28.16,78.55,1.85,336.53,29.595,2.321
19.4,76.79,4.76,0.0,0.097,6.832
28.63,74.16,9.78,161.43,13.297,51.412
23.36,52.07,7.65,0.0,0.528,25.143
27.62,65.38,2.97,245.77,22.4,1.002
24.14,61.5,6.86,237.07,24.032,15.905
20.55,80.94,4.21,0.0,0.126,2.23
21.72,58.9,3.67,0.0,3.504,0.0
24.02,83.89,6.26,10.71,1.279,11.942
20.18,62.15,4.82,1.66,0.0,6.964
16.93,58.92,3.09,14.75,1.072,1.837
21.58,73.75,3.9,0.0,0.042,2.988
20.24,90.52,6.37,32.0,1.3,15.295
21.55,65.42,14.07,0.0,3.034,97.048
26.29,60.39,2.45,100.24,9.071,0.0
15.08,72.09,8.76,26.3,1.366,37.629
28.18,78.2,7.57,7.11,1.043,22.749
35.27,52.03,3.7,864.29,71.392,2.656
19.72,67.8,7.44,6.47,2.578,23.282
19.53,86.38,2.47,8.57,2.373,2.021
23.13,90.64,11.61,4.5,0.696,83.857
22.36,87.02,9.63,0.0,1.183,48.084
24.23,56.8,3.73,290.47,26.746,1.224
23.75,77.31,1.81,358.06,30.412,0.959
26.43,87.65,3.3,21.43,1.393,4.694
25.3,62.14,9.12,26.46,1.585,39.634
31.67,65.4,4.87,773.59,62.658,3.507
23.99,66.89,3.13,0.0,0.0,0.0
27.97,80.46,6.48,302.53,25.402,12.299
30.4,58.11,95.0,401.69,34.716,8.809
24.8,59.14,6.69,751.43,70.047,15.591
28.11,65.23,12.22,323.04,31.055,97.615
23.31,80.9,10.66,134.76,14.842,67.84
27.0,73.15,8.31,416.51,39.214,29.197
29.98,48.76,7.39,426.09,41.469,20.641
26.77,44.4,4.13,847.26,75.299,0.39
26.2,68.67,6.61,602.15,57.333,16.76
27.24,71.56,11.45,345.2,29.491,86.125
22.08,84.27,2.26,0.0,0.0,0.0
26.23,55.23,6.45,0.0,0.0,14.138
35.7,62.57,5.82,621.5,56.348,7.794
25.11,65.18,3.11,268.95,26.331,0.303
24.87,71.84,3.24,0.0,2.373,0.235
24.52,55.78,5.98,0.0,0.0,7.974
27.53,93.79,1.54,277.79,24.224,2.418
21.73,75.43,9.1,6.74,0.0,41.369
28.0,61.49,4.48,330.25,31.505,2.588
23.07,60.33,2.8,249.1,23.106,0.233
19.84,80.19,7.37,94.37,10.73,19.813
27.28,65.93,1.73,283.49,26.627,0.0
22.62,75.02,7.06,0.78,0.0,14.949
19.23,80.28,1.71,0.0,0.0,0.0
23.23,63.48,9.53,4.92,0.65,46.025
29.07,60.92,8.5,633.98,57.51,31.805
19.3,59.13,3.46,2.35,0.0,0.0
20.31,87.77,1.45,0.0,0.0,0.0
22.71,77.57,6.4,0.0,0.0,12.427
18.39,80.94,1.4,0.0,0.0,0.0
24.53,55.37,10.83,22.82,0.942,72.012
21.83,68.56,6.85,0.0,0.247,20.333
21.11,57.42,3.98,0.0,0.0,2.921
22.93,66.92,11.04,5.76,0.0,73.475
16.89,69.99,6.07,2.12,0.444,12.83
27.59,78.5,11.53,288.35,25.989,87.649
19.76,56.14,5.25,0.0,0.0,4.55
26.41,75.15,5.17,90.75,8.059,4.15
28.69,69.28,3.57,423.51,37.951,0.0
19.28,80.03,1.22,3.71,0.455,0.0
28.83,56.14,6.14,218.49,20.175,12.202
28.33,65.47,4.6,708.47,62.91,6.935
21.28,60.82,3.48,4.92,0.393,2.647
17.56,70.32,8.08,0.0,1.639,29.944
26.72,67.44,8.29,0.0,3.169,30.757
34.7,65.61,7.42,555.17,48.616,21.74
18.28,61.09,10.96,21.22,0.894,75.953
20.8,58.4,5.81,0.0,0.0,12.364
20.6,85.95,4.73,0.0,1.293,4.514
19.32,75.65,4.85,12.59,0.0,5.55
22.53,80.28,4.24,28.23,7.445,2.015
19.86,84.23,5.48,26.73,8.181,8.189
24.27,54.98,3.48,0.0,0.0,0.359
28.18,55.83,1.97,690.33,58.315,0.0
21.32,72.34,10.18,0.88,1.394,60.823
18.88,79.66,3.18,15.67,5.749,3.284
30.83,62.05,1.22,835.86,69.337,0.0
17.32,68.73,3.08,0.0,3.796,0.793
25.28,69.84,5.53,320.48,26.346,9.797
24.3,69.81,4.22,282.34,23.796,2.447
25.21,77.02,4.93,0.0,0.618,5.67
31.1,64.94,1.6,672.83,61.042,0.0
23.31,72.2,4.82,0.0,0.0,3.772
24.12,69.26,5.86,165.15,16.765,10.959
16.73,60.43,6.3,3.13,2.527,14.069
19.04,82.01,7.07,160.84,18.055,20.734
20.05,91.09,4.86,0.0,0.0,5.062
23.19,79.11,6.32,2.32,0.0,10.504
20.31,91.33,10.06,0.0,2.107,59.404
27.74,54.4,8.15,703.44,63.809,27.458
21.9,60.85,5.43,0.0,1.177,6.149
21.26,,1.98,20.24,0.688,0.0
24.46,82.78,3.7,0.24,1.299,0.0
25.5,61.23,11.64,96.99,7.215,87.395
26.28,87.45,5.15,203.77,19.518,7.418
22.33,63.2,3.57,15.44,1.752,0.186
23.43,84.15,2.29,8.37,1.049,2.676
22.83,74.7,5.48,3.16,1.872,10.426
36.53,63.15,6.5,775.13,63.453,15.357
27.85,77.61,7.59,459.91,42.99,19.231
25.99,78.81,5.11,75.09,7.223,8.891
17.28,77.46,6.68,0.0,0.0,15.361
18.25,78.4,3.93,0.0,0.0,5.32
16.72,57.43,2.95,6.31,4.42,0.0
33.08,48.15,6.09,973.98,82.189,10.701
24.19,66.49,3.58,0.0,0.0,1.251
12.6,73.34,3.37,22.15,0.0,0.0
24.01,61.77,4.38,5.6,2.729,0.016
34.04,56.87,8.46,886.74,77.029,27.132
25.37,54.56,2.3,36.08,5.182,5.906
23.72,70.75,6.25,326.18,30.612,9.022
23.18,90.9,6.33,25.18,3.928,9.661
21.25,66.03,4.44,0.0,0.0,4.626
25.56,76.79,6.26,32.88,3.607,9.527
20.73,72.69,4.35,0.0,0.0,0.0
23.35,72.82,2.14,0.0,0.534,0.0
35.7,64.18,9.65,849.19,67.601,48.467
28.57,72.98,1.63,555.49,53.445,0.0
22.85,76.29,6.24,0.0,3.237,13.669
26.43,62.69,2.73,6.12,0.0,0.0
26.09,70.91,3.71,175.4,17.826,1.523
23.22,62.27,3.01,348.94,30.106,0.0
26.87,81.83,8.01,194.85,18.42,26.975
25.61,73.76,3.6,34.2,0.0,0.0
27.59,76.26,1.83,117.19,10.517,0.0
33.93,43.05,3.41,887.68,74.98,0.0
14.49,66.21,5.04,0.0,2.313,8.969
21.12,66.31,6.1,3.12,3.647,10.699
28.54,58.12,3.59,612.83,58.48,0.0
21.31,75.65,3.59,0.0,2.317,1.627
26.84,62.1,6.35,0.0,0.165,11.337
21.61,66.04,10.82,173.54,17.645,71.177
30.06,76.58,2.86,0.0,0.767,0.0
23.16,63.22,10.11,154.06,12.591,60.435
28.22,66.5,5.8,660.33,60.972,8.663
22.88,55.11,7.54,17.46,3.116,24.657
24.64,66.94,6.58,4.43,1.907,16.063
24.82,63.78,3.18,108.22,5.923,0.0
20.13,79.64,8.89,0.0,0.905,39.387
30.89,78.06,3.81,360.0,34.585,0.071
20.67,53.14,6.46,10.67,1.042,11.535
20.42,69.77,3.48,5.15,0.0,0.0
32.1,61.91,6.56,896.37,73.369,15.797
21.41,71.65,3.91,14.01,0.0,7.172
23.48,79.73,6.84,0.0,0.309,15.117
19.4,60.25,0.72,0.0,0.0,0.431
28.63,59.78,3.2,467.31,42.247,0.936
27.02,70.78,6.86,520.25,50.223,15.65
24.83,91.03,6.46,0.0,0.0,16.576
19.45,75.53,3.83,0.0,0.0,6.092
24.12,75.81,2.65,0.0,3.388,0.0
24.82,94.12,0.83,0.0,0.0,3.469
22.0,79.37,3.35,130.01,12.679,0.0
22.97,57.2,6.8,3.67,0.014,14.513
27.37,73.81,9.21,272.7,26.824,42.306
25.51,68.8,9.63,7.74,0.0,50.906
30.56,59.44,6.62,676.69,59.318,14.436
19.22,88.41,4.39,0.0,0.109,4.817
32.11,42.01,6.23,821.24,69.584,12.357
18.69,52.06,10.18,0.0,0.687,62.287
28.67,56.19,2.83,502.08,47.416,1.061
24.24,68.45,6.97,14.72,2.344,20.85
20.68,86.01,5.51,14.56,4.983,6.375
23.51,86.0,2.1,33.18,2.335,0.0
21.01,91.33,5.56,0.0,0.997,8.333
18.73,78.42,6.34,23.96,3.326,11.482
18.08,73.55,6.82,23.87,1.909,14.849
